[0.073s] DEBUG:colcon:Command line arguments: ['/usr/bin/colcon', 'build', '--symlink-install']
[0.073s] DEBUG:colcon:Parsed command line arguments: Namespace(log_base=None, log_level=None, verb_name='build', build_base='build', install_base='install', merge_install=False, symlink_install=True, test_result_base=None, continue_on_error=False, executor='parallel', parallel_workers=12, event_handlers=None, ignore_user_meta=False, metas=['./colcon.meta'], base_paths=['.'], packages_ignore=None, packages_ignore_regex=None, paths=None, packages_up_to=None, packages_up_to_regex=None, packages_above=None, packages_above_and_dependencies=None, packages_above_depth=None, packages_select_by_dep=None, packages_skip_by_dep=None, packages_skip_up_to=None, packages_select_build_failed=False, packages_skip_build_finished=False, packages_select_test_failures=False, packages_skip_test_passed=False, packages_select=None, packages_skip=None, packages_select_regex=None, packages_skip_regex=None, packages_start=None, packages_end=None, allow_overriding=[], cmake_args=None, cmake_target=None, cmake_target_skip_unavailable=False, cmake_clean_cache=False, cmake_clean_first=False, cmake_force_configure=False, ament_cmake_args=None, catkin_cmake_args=None, catkin_skip_building_tests=False, mixin_files=None, mixin=None, verb_parser=<colcon_mixin.mixin.mixin_argument.MixinArgumentDecorator object at 0x789693821180>, verb_extension=<colcon_core.verb.build.BuildVerb object at 0x789693820bb0>, main=<bound method BuildVerb.main of <colcon_core.verb.build.BuildVerb object at 0x789693820bb0>>, mixin_verb=('build',))
[0.175s] Level 1:colcon.colcon_core.package_discovery:discover_packages(colcon_meta) check parameters
[0.175s] Level 1:colcon.colcon_core.package_discovery:discover_packages(recursive) check parameters
[0.175s] Level 1:colcon.colcon_core.package_discovery:discover_packages(ignore) check parameters
[0.175s] Level 1:colcon.colcon_core.package_discovery:discover_packages(path) check parameters
[0.175s] Level 1:colcon.colcon_core.package_discovery:discover_packages(colcon_meta) discover
[0.175s] Level 1:colcon.colcon_core.package_discovery:discover_packages(recursive) discover
[0.175s] INFO:colcon.colcon_core.package_discovery:Crawling recursively for packages in '/root/ACNMR'
[0.175s] Level 1:colcon.colcon_core.package_identification:_identify(.) by extensions ['ignore', 'ignore_ament_install']
[0.176s] Level 1:colcon.colcon_core.package_identification:_identify(.) by extension 'ignore'
[0.176s] Level 1:colcon.colcon_core.package_identification:_identify(.) by extension 'ignore_ament_install'
[0.176s] Level 1:colcon.colcon_core.package_identification:_identify(.) by extensions ['colcon_pkg']
[0.176s] Level 1:colcon.colcon_core.package_identification:_identify(.) by extension 'colcon_pkg'
[0.176s] Level 1:colcon.colcon_core.package_identification:_identify(.) by extensions ['colcon_meta']
[0.176s] Level 1:colcon.colcon_core.package_identification:_identify(.) by extension 'colcon_meta'
[0.176s] Level 1:colcon.colcon_core.package_identification:_identify(.) by extensions ['ros']
[0.176s] Level 1:colcon.colcon_core.package_identification:_identify(.) by extension 'ros'
[0.183s] Level 1:colcon.colcon_core.package_identification:_identify(.) by extensions ['cmake', 'python']
[0.184s] Level 1:colcon.colcon_core.package_identification:_identify(.) by extension 'cmake'
[0.184s] Level 1:colcon.colcon_core.package_identification:_identify(.) by extension 'python'
[0.184s] Level 1:colcon.colcon_core.package_identification:_identify(.) by extensions ['python_setup_py']
[0.184s] Level 1:colcon.colcon_core.package_identification:_identify(.) by extension 'python_setup_py'
[0.186s] Level 1:colcon.colcon_core.package_identification:_identify(00) by extensions ['ignore', 'ignore_ament_install']
[0.186s] Level 1:colcon.colcon_core.package_identification:_identify(00) by extension 'ignore'
[0.186s] Level 1:colcon.colcon_core.package_identification:_identify(00) by extension 'ignore_ament_install'
[0.186s] Level 1:colcon.colcon_core.package_identification:_identify(00) by extensions ['colcon_pkg']
[0.186s] Level 1:colcon.colcon_core.package_identification:_identify(00) by extension 'colcon_pkg'
[0.186s] Level 1:colcon.colcon_core.package_identification:_identify(00) by extensions ['colcon_meta']
[0.186s] Level 1:colcon.colcon_core.package_identification:_identify(00) by extension 'colcon_meta'
[0.186s] Level 1:colcon.colcon_core.package_identification:_identify(00) by extensions ['ros']
[0.186s] Level 1:colcon.colcon_core.package_identification:_identify(00) by extension 'ros'
[0.186s] Level 1:colcon.colcon_core.package_identification:_identify(00) by extensions ['cmake', 'python']
[0.186s] Level 1:colcon.colcon_core.package_identification:_identify(00) by extension 'cmake'
[0.186s] Level 1:colcon.colcon_core.package_identification:_identify(00) by extension 'python'
[0.186s] Level 1:colcon.colcon_core.package_identification:_identify(00) by extensions ['python_setup_py']
[0.186s] Level 1:colcon.colcon_core.package_identification:_identify(00) by extension 'python_setup_py'
[0.191s] Level 1:colcon.colcon_core.package_identification:_identify(00/image_2) by extensions ['ignore', 'ignore_ament_install']
[0.191s] Level 1:colcon.colcon_core.package_identification:_identify(00/image_2) by extension 'ignore'
[0.191s] Level 1:colcon.colcon_core.package_identification:_identify(00/image_2) by extension 'ignore_ament_install'
[0.191s] Level 1:colcon.colcon_core.package_identification:_identify(00/image_2) by extensions ['colcon_pkg']
[0.191s] Level 1:colcon.colcon_core.package_identification:_identify(00/image_2) by extension 'colcon_pkg'
[0.191s] Level 1:colcon.colcon_core.package_identification:_identify(00/image_2) by extensions ['colcon_meta']
[0.191s] Level 1:colcon.colcon_core.package_identification:_identify(00/image_2) by extension 'colcon_meta'
[0.191s] Level 1:colcon.colcon_core.package_identification:_identify(00/image_2) by extensions ['ros']
[0.191s] Level 1:colcon.colcon_core.package_identification:_identify(00/image_2) by extension 'ros'
[0.191s] Level 1:colcon.colcon_core.package_identification:_identify(00/image_2) by extensions ['cmake', 'python']
[0.191s] Level 1:colcon.colcon_core.package_identification:_identify(00/image_2) by extension 'cmake'
[0.191s] Level 1:colcon.colcon_core.package_identification:_identify(00/image_2) by extension 'python'
[0.191s] Level 1:colcon.colcon_core.package_identification:_identify(00/image_2) by extensions ['python_setup_py']
[0.191s] Level 1:colcon.colcon_core.package_identification:_identify(00/image_2) by extension 'python_setup_py'
[0.196s] Level 1:colcon.colcon_core.package_identification:_identify(00/image_3) by extensions ['ignore', 'ignore_ament_install']
[0.196s] Level 1:colcon.colcon_core.package_identification:_identify(00/image_3) by extension 'ignore'
[0.196s] Level 1:colcon.colcon_core.package_identification:_identify(00/image_3) by extension 'ignore_ament_install'
[0.196s] Level 1:colcon.colcon_core.package_identification:_identify(00/image_3) by extensions ['colcon_pkg']
[0.196s] Level 1:colcon.colcon_core.package_identification:_identify(00/image_3) by extension 'colcon_pkg'
[0.196s] Level 1:colcon.colcon_core.package_identification:_identify(00/image_3) by extensions ['colcon_meta']
[0.196s] Level 1:colcon.colcon_core.package_identification:_identify(00/image_3) by extension 'colcon_meta'
[0.196s] Level 1:colcon.colcon_core.package_identification:_identify(00/image_3) by extensions ['ros']
[0.196s] Level 1:colcon.colcon_core.package_identification:_identify(00/image_3) by extension 'ros'
[0.196s] Level 1:colcon.colcon_core.package_identification:_identify(00/image_3) by extensions ['cmake', 'python']
[0.196s] Level 1:colcon.colcon_core.package_identification:_identify(00/image_3) by extension 'cmake'
[0.196s] Level 1:colcon.colcon_core.package_identification:_identify(00/image_3) by extension 'python'
[0.196s] Level 1:colcon.colcon_core.package_identification:_identify(00/image_3) by extensions ['python_setup_py']
[0.196s] Level 1:colcon.colcon_core.package_identification:_identify(00/image_3) by extension 'python_setup_py'
[0.197s] Level 1:colcon.colcon_core.package_identification:_identify(HesaiLidar_ROS_2.0) by extensions ['ignore', 'ignore_ament_install']
[0.197s] Level 1:colcon.colcon_core.package_identification:_identify(HesaiLidar_ROS_2.0) by extension 'ignore'
[0.197s] Level 1:colcon.colcon_core.package_identification:_identify(HesaiLidar_ROS_2.0) by extension 'ignore_ament_install'
[0.197s] Level 1:colcon.colcon_core.package_identification:_identify(HesaiLidar_ROS_2.0) by extensions ['colcon_pkg']
[0.197s] Level 1:colcon.colcon_core.package_identification:_identify(HesaiLidar_ROS_2.0) by extension 'colcon_pkg'
[0.197s] Level 1:colcon.colcon_core.package_identification:_identify(HesaiLidar_ROS_2.0) by extensions ['colcon_meta']
[0.197s] Level 1:colcon.colcon_core.package_identification:_identify(HesaiLidar_ROS_2.0) by extension 'colcon_meta'
[0.197s] Level 1:colcon.colcon_core.package_identification:_identify(HesaiLidar_ROS_2.0) by extensions ['ros']
[0.197s] Level 1:colcon.colcon_core.package_identification:_identify(HesaiLidar_ROS_2.0) by extension 'ros'
[0.213s] DEBUG:colcon.colcon_core.package_identification:Package 'HesaiLidar_ROS_2.0' with type 'ros.ament_cmake' and name 'hesai_ros_driver'
[0.213s] Level 1:colcon.colcon_core.package_identification:_identify(ORB-SLAM3-STEREO-FIXED) by extensions ['ignore', 'ignore_ament_install']
[0.213s] Level 1:colcon.colcon_core.package_identification:_identify(ORB-SLAM3-STEREO-FIXED) by extension 'ignore'
[0.213s] Level 1:colcon.colcon_core.package_identification:_identify(ORB-SLAM3-STEREO-FIXED) by extension 'ignore_ament_install'
[0.213s] Level 1:colcon.colcon_core.package_identification:_identify(ORB-SLAM3-STEREO-FIXED) by extensions ['colcon_pkg']
[0.213s] Level 1:colcon.colcon_core.package_identification:_identify(ORB-SLAM3-STEREO-FIXED) by extension 'colcon_pkg'
[0.213s] Level 1:colcon.colcon_core.package_identification:_identify(ORB-SLAM3-STEREO-FIXED) by extensions ['colcon_meta']
[0.213s] Level 1:colcon.colcon_core.package_identification:_identify(ORB-SLAM3-STEREO-FIXED) by extension 'colcon_meta'
[0.213s] Level 1:colcon.colcon_core.package_identification:_identify(ORB-SLAM3-STEREO-FIXED) by extensions ['ros']
[0.213s] Level 1:colcon.colcon_core.package_identification:_identify(ORB-SLAM3-STEREO-FIXED) by extension 'ros'
[0.213s] Level 1:colcon.colcon_core.package_identification:_identify(ORB-SLAM3-STEREO-FIXED) by extensions ['cmake', 'python']
[0.214s] Level 1:colcon.colcon_core.package_identification:_identify(ORB-SLAM3-STEREO-FIXED) by extension 'cmake'
[0.246s] Level 1:colcon.colcon_core.package_identification:_identify(ORB-SLAM3-STEREO-FIXED) by extension 'python'
[0.246s] DEBUG:colcon.colcon_core.package_identification:Package 'ORB-SLAM3-STEREO-FIXED' with type 'cmake' and name 'ORB_SLAM3'
[0.246s] Level 1:colcon.colcon_core.package_identification:_identify(acker_controller_ign) by extensions ['ignore', 'ignore_ament_install']
[0.246s] Level 1:colcon.colcon_core.package_identification:_identify(acker_controller_ign) by extension 'ignore'
[0.246s] Level 1:colcon.colcon_core.package_identification:_identify(acker_controller_ign) by extension 'ignore_ament_install'
[0.246s] Level 1:colcon.colcon_core.package_identification:_identify(acker_controller_ign) by extensions ['colcon_pkg']
[0.246s] Level 1:colcon.colcon_core.package_identification:_identify(acker_controller_ign) by extension 'colcon_pkg'
[0.246s] Level 1:colcon.colcon_core.package_identification:_identify(acker_controller_ign) by extensions ['colcon_meta']
[0.246s] Level 1:colcon.colcon_core.package_identification:_identify(acker_controller_ign) by extension 'colcon_meta'
[0.246s] Level 1:colcon.colcon_core.package_identification:_identify(acker_controller_ign) by extensions ['ros']
[0.246s] Level 1:colcon.colcon_core.package_identification:_identify(acker_controller_ign) by extension 'ros'
[0.247s] Level 1:colcon.colcon_core.package_identification:_identify(acker_controller_ign) by extensions ['cmake', 'python']
[0.247s] Level 1:colcon.colcon_core.package_identification:_identify(acker_controller_ign) by extension 'cmake'
[0.247s] Level 1:colcon.colcon_core.package_identification:_identify(acker_controller_ign) by extension 'python'
[0.247s] Level 1:colcon.colcon_core.package_identification:_identify(acker_controller_ign) by extensions ['python_setup_py']
[0.247s] Level 1:colcon.colcon_core.package_identification:_identify(acker_controller_ign) by extension 'python_setup_py'
[0.247s] Level 1:colcon.colcon_core.package_identification:_identify(acker_controller_ign/build) by extensions ['ignore', 'ignore_ament_install']
[0.247s] Level 1:colcon.colcon_core.package_identification:_identify(acker_controller_ign/build) by extension 'ignore'
[0.247s] Level 1:colcon.colcon_core.package_identification:_identify(acker_controller_ign/build) ignored
[0.247s] Level 1:colcon.colcon_core.package_identification:_identify(acker_controller_ign/install) by extensions ['ignore', 'ignore_ament_install']
[0.247s] Level 1:colcon.colcon_core.package_identification:_identify(acker_controller_ign/install) by extension 'ignore'
[0.247s] Level 1:colcon.colcon_core.package_identification:_identify(acker_controller_ign/install) ignored
[0.248s] Level 1:colcon.colcon_core.package_identification:_identify(acker_controller_ign/log) by extensions ['ignore', 'ignore_ament_install']
[0.248s] Level 1:colcon.colcon_core.package_identification:_identify(acker_controller_ign/log) by extension 'ignore'
[0.248s] Level 1:colcon.colcon_core.package_identification:_identify(acker_controller_ign/log) ignored
[0.248s] Level 1:colcon.colcon_core.package_identification:_identify(acker_controller_ign/src) by extensions ['ignore', 'ignore_ament_install']
[0.248s] Level 1:colcon.colcon_core.package_identification:_identify(acker_controller_ign/src) by extension 'ignore'
[0.248s] Level 1:colcon.colcon_core.package_identification:_identify(acker_controller_ign/src) by extension 'ignore_ament_install'
[0.248s] Level 1:colcon.colcon_core.package_identification:_identify(acker_controller_ign/src) by extensions ['colcon_pkg']
[0.248s] Level 1:colcon.colcon_core.package_identification:_identify(acker_controller_ign/src) by extension 'colcon_pkg'
[0.248s] Level 1:colcon.colcon_core.package_identification:_identify(acker_controller_ign/src) by extensions ['colcon_meta']
[0.248s] Level 1:colcon.colcon_core.package_identification:_identify(acker_controller_ign/src) by extension 'colcon_meta'
[0.248s] Level 1:colcon.colcon_core.package_identification:_identify(acker_controller_ign/src) by extensions ['ros']
[0.248s] Level 1:colcon.colcon_core.package_identification:_identify(acker_controller_ign/src) by extension 'ros'
[0.248s] Level 1:colcon.colcon_core.package_identification:_identify(acker_controller_ign/src) by extensions ['cmake', 'python']
[0.248s] Level 1:colcon.colcon_core.package_identification:_identify(acker_controller_ign/src) by extension 'cmake'
[0.248s] Level 1:colcon.colcon_core.package_identification:_identify(acker_controller_ign/src) by extension 'python'
[0.248s] Level 1:colcon.colcon_core.package_identification:_identify(acker_controller_ign/src) by extensions ['python_setup_py']
[0.248s] Level 1:colcon.colcon_core.package_identification:_identify(acker_controller_ign/src) by extension 'python_setup_py'
[0.249s] Level 1:colcon.colcon_core.package_identification:_identify(acker_controller_ign/src/acker_model_world) by extensions ['ignore', 'ignore_ament_install']
[0.249s] Level 1:colcon.colcon_core.package_identification:_identify(acker_controller_ign/src/acker_model_world) by extension 'ignore'
[0.249s] Level 1:colcon.colcon_core.package_identification:_identify(acker_controller_ign/src/acker_model_world) by extension 'ignore_ament_install'
[0.249s] Level 1:colcon.colcon_core.package_identification:_identify(acker_controller_ign/src/acker_model_world) by extensions ['colcon_pkg']
[0.249s] Level 1:colcon.colcon_core.package_identification:_identify(acker_controller_ign/src/acker_model_world) by extension 'colcon_pkg'
[0.249s] Level 1:colcon.colcon_core.package_identification:_identify(acker_controller_ign/src/acker_model_world) by extensions ['colcon_meta']
[0.249s] Level 1:colcon.colcon_core.package_identification:_identify(acker_controller_ign/src/acker_model_world) by extension 'colcon_meta'
[0.249s] Level 1:colcon.colcon_core.package_identification:_identify(acker_controller_ign/src/acker_model_world) by extensions ['ros']
[0.249s] Level 1:colcon.colcon_core.package_identification:_identify(acker_controller_ign/src/acker_model_world) by extension 'ros'
[0.249s] DEBUG:colcon.colcon_core.package_identification:Package 'acker_controller_ign/src/acker_model_world' with type 'ros.ament_cmake' and name 'acker_model_world'
[0.250s] Level 1:colcon.colcon_core.package_identification:_identify(acker_controller_ign/src/ign_ros2_control_demos) by extensions ['ignore', 'ignore_ament_install']
[0.250s] Level 1:colcon.colcon_core.package_identification:_identify(acker_controller_ign/src/ign_ros2_control_demos) by extension 'ignore'
[0.250s] Level 1:colcon.colcon_core.package_identification:_identify(acker_controller_ign/src/ign_ros2_control_demos) by extension 'ignore_ament_install'
[0.250s] Level 1:colcon.colcon_core.package_identification:_identify(acker_controller_ign/src/ign_ros2_control_demos) by extensions ['colcon_pkg']
[0.250s] Level 1:colcon.colcon_core.package_identification:_identify(acker_controller_ign/src/ign_ros2_control_demos) by extension 'colcon_pkg'
[0.250s] Level 1:colcon.colcon_core.package_identification:_identify(acker_controller_ign/src/ign_ros2_control_demos) by extensions ['colcon_meta']
[0.250s] Level 1:colcon.colcon_core.package_identification:_identify(acker_controller_ign/src/ign_ros2_control_demos) by extension 'colcon_meta'
[0.250s] Level 1:colcon.colcon_core.package_identification:_identify(acker_controller_ign/src/ign_ros2_control_demos) by extensions ['ros']
[0.250s] Level 1:colcon.colcon_core.package_identification:_identify(acker_controller_ign/src/ign_ros2_control_demos) by extension 'ros'
[0.251s] DEBUG:colcon.colcon_core.package_identification:Package 'acker_controller_ign/src/ign_ros2_control_demos' with type 'ros.ament_cmake' and name 'ign_ros2_control_demos'
[0.251s] Level 1:colcon.colcon_core.package_identification:_identify(build) by extensions ['ignore', 'ignore_ament_install']
[0.251s] Level 1:colcon.colcon_core.package_identification:_identify(build) by extension 'ignore'
[0.251s] Level 1:colcon.colcon_core.package_identification:_identify(build) ignored
[0.251s] Level 1:colcon.colcon_core.package_identification:_identify(depthai-ros) by extensions ['ignore', 'ignore_ament_install']
[0.251s] Level 1:colcon.colcon_core.package_identification:_identify(depthai-ros) by extension 'ignore'
[0.251s] Level 1:colcon.colcon_core.package_identification:_identify(depthai-ros) by extension 'ignore_ament_install'
[0.251s] Level 1:colcon.colcon_core.package_identification:_identify(depthai-ros) by extensions ['colcon_pkg']
[0.251s] Level 1:colcon.colcon_core.package_identification:_identify(depthai-ros) by extension 'colcon_pkg'
[0.251s] Level 1:colcon.colcon_core.package_identification:_identify(depthai-ros) by extensions ['colcon_meta']
[0.251s] Level 1:colcon.colcon_core.package_identification:_identify(depthai-ros) by extension 'colcon_meta'
[0.251s] Level 1:colcon.colcon_core.package_identification:_identify(depthai-ros) by extensions ['ros']
[0.251s] Level 1:colcon.colcon_core.package_identification:_identify(depthai-ros) by extension 'ros'
[0.251s] Level 1:colcon.colcon_core.package_identification:_identify(depthai-ros) by extensions ['cmake', 'python']
[0.252s] Level 1:colcon.colcon_core.package_identification:_identify(depthai-ros) by extension 'cmake'
[0.252s] Level 1:colcon.colcon_core.package_identification:_identify(depthai-ros) by extension 'python'
[0.252s] Level 1:colcon.colcon_core.package_identification:_identify(depthai-ros) by extensions ['python_setup_py']
[0.252s] Level 1:colcon.colcon_core.package_identification:_identify(depthai-ros) by extension 'python_setup_py'
[0.252s] Level 1:colcon.colcon_core.package_identification:_identify(depthai-ros/build) by extensions ['ignore', 'ignore_ament_install']
[0.252s] Level 1:colcon.colcon_core.package_identification:_identify(depthai-ros/build) by extension 'ignore'
[0.252s] Level 1:colcon.colcon_core.package_identification:_identify(depthai-ros/build) ignored
[0.252s] Level 1:colcon.colcon_core.package_identification:_identify(depthai-ros/depthai-ros) by extensions ['ignore', 'ignore_ament_install']
[0.253s] Level 1:colcon.colcon_core.package_identification:_identify(depthai-ros/depthai-ros) by extension 'ignore'
[0.253s] Level 1:colcon.colcon_core.package_identification:_identify(depthai-ros/depthai-ros) by extension 'ignore_ament_install'
[0.253s] Level 1:colcon.colcon_core.package_identification:_identify(depthai-ros/depthai-ros) by extensions ['colcon_pkg']
[0.253s] Level 1:colcon.colcon_core.package_identification:_identify(depthai-ros/depthai-ros) by extension 'colcon_pkg'
[0.253s] Level 1:colcon.colcon_core.package_identification:_identify(depthai-ros/depthai-ros) by extensions ['colcon_meta']
[0.253s] Level 1:colcon.colcon_core.package_identification:_identify(depthai-ros/depthai-ros) by extension 'colcon_meta'
[0.253s] Level 1:colcon.colcon_core.package_identification:_identify(depthai-ros/depthai-ros) by extensions ['ros']
[0.253s] Level 1:colcon.colcon_core.package_identification:_identify(depthai-ros/depthai-ros) by extension 'ros'
[0.254s] DEBUG:colcon.colcon_core.package_identification:Package 'depthai-ros/depthai-ros' with type 'ros.ament_cmake' and name 'depthai-ros'
[0.254s] Level 1:colcon.colcon_core.package_identification:_identify(depthai-ros/depthai_bridge) by extensions ['ignore', 'ignore_ament_install']
[0.254s] Level 1:colcon.colcon_core.package_identification:_identify(depthai-ros/depthai_bridge) by extension 'ignore'
[0.254s] Level 1:colcon.colcon_core.package_identification:_identify(depthai-ros/depthai_bridge) by extension 'ignore_ament_install'
[0.254s] Level 1:colcon.colcon_core.package_identification:_identify(depthai-ros/depthai_bridge) by extensions ['colcon_pkg']
[0.254s] Level 1:colcon.colcon_core.package_identification:_identify(depthai-ros/depthai_bridge) by extension 'colcon_pkg'
[0.254s] Level 1:colcon.colcon_core.package_identification:_identify(depthai-ros/depthai_bridge) by extensions ['colcon_meta']
[0.254s] Level 1:colcon.colcon_core.package_identification:_identify(depthai-ros/depthai_bridge) by extension 'colcon_meta'
[0.254s] Level 1:colcon.colcon_core.package_identification:_identify(depthai-ros/depthai_bridge) by extensions ['ros']
[0.254s] Level 1:colcon.colcon_core.package_identification:_identify(depthai-ros/depthai_bridge) by extension 'ros'
[0.255s] DEBUG:colcon.colcon_core.package_identification:Package 'depthai-ros/depthai_bridge' with type 'ros.ament_cmake' and name 'depthai_bridge'
[0.255s] Level 1:colcon.colcon_core.package_identification:_identify(depthai-ros/depthai_descriptions) by extensions ['ignore', 'ignore_ament_install']
[0.256s] Level 1:colcon.colcon_core.package_identification:_identify(depthai-ros/depthai_descriptions) by extension 'ignore'
[0.256s] Level 1:colcon.colcon_core.package_identification:_identify(depthai-ros/depthai_descriptions) by extension 'ignore_ament_install'
[0.256s] Level 1:colcon.colcon_core.package_identification:_identify(depthai-ros/depthai_descriptions) by extensions ['colcon_pkg']
[0.256s] Level 1:colcon.colcon_core.package_identification:_identify(depthai-ros/depthai_descriptions) by extension 'colcon_pkg'
[0.256s] Level 1:colcon.colcon_core.package_identification:_identify(depthai-ros/depthai_descriptions) by extensions ['colcon_meta']
[0.256s] Level 1:colcon.colcon_core.package_identification:_identify(depthai-ros/depthai_descriptions) by extension 'colcon_meta'
[0.256s] Level 1:colcon.colcon_core.package_identification:_identify(depthai-ros/depthai_descriptions) by extensions ['ros']
[0.256s] Level 1:colcon.colcon_core.package_identification:_identify(depthai-ros/depthai_descriptions) by extension 'ros'
[0.256s] DEBUG:colcon.colcon_core.package_identification:Package 'depthai-ros/depthai_descriptions' with type 'ros.ament_cmake' and name 'depthai_descriptions'
[0.256s] Level 1:colcon.colcon_core.package_identification:_identify(depthai-ros/depthai_examples) by extensions ['ignore', 'ignore_ament_install']
[0.256s] Level 1:colcon.colcon_core.package_identification:_identify(depthai-ros/depthai_examples) by extension 'ignore'
[0.256s] Level 1:colcon.colcon_core.package_identification:_identify(depthai-ros/depthai_examples) by extension 'ignore_ament_install'
[0.256s] Level 1:colcon.colcon_core.package_identification:_identify(depthai-ros/depthai_examples) by extensions ['colcon_pkg']
[0.256s] Level 1:colcon.colcon_core.package_identification:_identify(depthai-ros/depthai_examples) by extension 'colcon_pkg'
[0.256s] Level 1:colcon.colcon_core.package_identification:_identify(depthai-ros/depthai_examples) by extensions ['colcon_meta']
[0.257s] Level 1:colcon.colcon_core.package_identification:_identify(depthai-ros/depthai_examples) by extension 'colcon_meta'
[0.257s] Level 1:colcon.colcon_core.package_identification:_identify(depthai-ros/depthai_examples) by extensions ['ros']
[0.257s] Level 1:colcon.colcon_core.package_identification:_identify(depthai-ros/depthai_examples) by extension 'ros'
[0.258s] DEBUG:colcon.colcon_core.package_identification:Package 'depthai-ros/depthai_examples' with type 'ros.ament_cmake' and name 'depthai_examples'
[0.258s] Level 1:colcon.colcon_core.package_identification:_identify(depthai-ros/depthai_filters) by extensions ['ignore', 'ignore_ament_install']
[0.258s] Level 1:colcon.colcon_core.package_identification:_identify(depthai-ros/depthai_filters) by extension 'ignore'
[0.258s] Level 1:colcon.colcon_core.package_identification:_identify(depthai-ros/depthai_filters) by extension 'ignore_ament_install'
[0.258s] Level 1:colcon.colcon_core.package_identification:_identify(depthai-ros/depthai_filters) by extensions ['colcon_pkg']
[0.258s] Level 1:colcon.colcon_core.package_identification:_identify(depthai-ros/depthai_filters) by extension 'colcon_pkg'
[0.258s] Level 1:colcon.colcon_core.package_identification:_identify(depthai-ros/depthai_filters) by extensions ['colcon_meta']
[0.258s] Level 1:colcon.colcon_core.package_identification:_identify(depthai-ros/depthai_filters) by extension 'colcon_meta'
[0.258s] Level 1:colcon.colcon_core.package_identification:_identify(depthai-ros/depthai_filters) by extensions ['ros']
[0.258s] Level 1:colcon.colcon_core.package_identification:_identify(depthai-ros/depthai_filters) by extension 'ros'
[0.259s] DEBUG:colcon.colcon_core.package_identification:Package 'depthai-ros/depthai_filters' with type 'ros.ament_cmake' and name 'depthai_filters'
[0.259s] Level 1:colcon.colcon_core.package_identification:_identify(depthai-ros/depthai_ros_driver) by extensions ['ignore', 'ignore_ament_install']
[0.259s] Level 1:colcon.colcon_core.package_identification:_identify(depthai-ros/depthai_ros_driver) by extension 'ignore'
[0.259s] Level 1:colcon.colcon_core.package_identification:_identify(depthai-ros/depthai_ros_driver) by extension 'ignore_ament_install'
[0.259s] Level 1:colcon.colcon_core.package_identification:_identify(depthai-ros/depthai_ros_driver) by extensions ['colcon_pkg']
[0.259s] Level 1:colcon.colcon_core.package_identification:_identify(depthai-ros/depthai_ros_driver) by extension 'colcon_pkg'
[0.259s] Level 1:colcon.colcon_core.package_identification:_identify(depthai-ros/depthai_ros_driver) by extensions ['colcon_meta']
[0.259s] Level 1:colcon.colcon_core.package_identification:_identify(depthai-ros/depthai_ros_driver) by extension 'colcon_meta'
[0.259s] Level 1:colcon.colcon_core.package_identification:_identify(depthai-ros/depthai_ros_driver) by extensions ['ros']
[0.259s] Level 1:colcon.colcon_core.package_identification:_identify(depthai-ros/depthai_ros_driver) by extension 'ros'
[0.261s] DEBUG:colcon.colcon_core.package_identification:Package 'depthai-ros/depthai_ros_driver' with type 'ros.ament_cmake' and name 'depthai_ros_driver'
[0.261s] Level 1:colcon.colcon_core.package_identification:_identify(depthai-ros/depthai_ros_msgs) by extensions ['ignore', 'ignore_ament_install']
[0.261s] Level 1:colcon.colcon_core.package_identification:_identify(depthai-ros/depthai_ros_msgs) by extension 'ignore'
[0.261s] Level 1:colcon.colcon_core.package_identification:_identify(depthai-ros/depthai_ros_msgs) by extension 'ignore_ament_install'
[0.261s] Level 1:colcon.colcon_core.package_identification:_identify(depthai-ros/depthai_ros_msgs) by extensions ['colcon_pkg']
[0.261s] Level 1:colcon.colcon_core.package_identification:_identify(depthai-ros/depthai_ros_msgs) by extension 'colcon_pkg'
[0.261s] Level 1:colcon.colcon_core.package_identification:_identify(depthai-ros/depthai_ros_msgs) by extensions ['colcon_meta']
[0.261s] Level 1:colcon.colcon_core.package_identification:_identify(depthai-ros/depthai_ros_msgs) by extension 'colcon_meta'
[0.261s] Level 1:colcon.colcon_core.package_identification:_identify(depthai-ros/depthai_ros_msgs) by extensions ['ros']
[0.261s] Level 1:colcon.colcon_core.package_identification:_identify(depthai-ros/depthai_ros_msgs) by extension 'ros'
[0.262s] DEBUG:colcon.colcon_core.package_identification:Package 'depthai-ros/depthai_ros_msgs' with type 'ros.ament_cmake' and name 'depthai_ros_msgs'
[0.262s] Level 1:colcon.colcon_core.package_identification:_identify(depthai-ros/install) by extensions ['ignore', 'ignore_ament_install']
[0.262s] Level 1:colcon.colcon_core.package_identification:_identify(depthai-ros/install) by extension 'ignore'
[0.262s] Level 1:colcon.colcon_core.package_identification:_identify(depthai-ros/install) ignored
[0.262s] Level 1:colcon.colcon_core.package_identification:_identify(depthai-ros/log) by extensions ['ignore', 'ignore_ament_install']
[0.262s] Level 1:colcon.colcon_core.package_identification:_identify(depthai-ros/log) by extension 'ignore'
[0.262s] Level 1:colcon.colcon_core.package_identification:_identify(depthai-ros/log) ignored
[0.262s] Level 1:colcon.colcon_core.package_identification:_identify(depthai_oakdpro) by extensions ['ignore', 'ignore_ament_install']
[0.262s] Level 1:colcon.colcon_core.package_identification:_identify(depthai_oakdpro) by extension 'ignore'
[0.262s] Level 1:colcon.colcon_core.package_identification:_identify(depthai_oakdpro) by extension 'ignore_ament_install'
[0.262s] Level 1:colcon.colcon_core.package_identification:_identify(depthai_oakdpro) by extensions ['colcon_pkg']
[0.263s] Level 1:colcon.colcon_core.package_identification:_identify(depthai_oakdpro) by extension 'colcon_pkg'
[0.263s] Level 1:colcon.colcon_core.package_identification:_identify(depthai_oakdpro) by extensions ['colcon_meta']
[0.263s] Level 1:colcon.colcon_core.package_identification:_identify(depthai_oakdpro) by extension 'colcon_meta'
[0.263s] Level 1:colcon.colcon_core.package_identification:_identify(depthai_oakdpro) by extensions ['ros']
[0.263s] Level 1:colcon.colcon_core.package_identification:_identify(depthai_oakdpro) by extension 'ros'
[0.263s] Level 1:colcon.colcon_core.package_identification:_identify(depthai_oakdpro) by extensions ['cmake', 'python']
[0.263s] Level 1:colcon.colcon_core.package_identification:_identify(depthai_oakdpro) by extension 'cmake'
[0.263s] Level 1:colcon.colcon_core.package_identification:_identify(depthai_oakdpro) by extension 'python'
[0.263s] Level 1:colcon.colcon_core.package_identification:_identify(depthai_oakdpro) by extensions ['python_setup_py']
[0.263s] Level 1:colcon.colcon_core.package_identification:_identify(depthai_oakdpro) by extension 'python_setup_py'
[0.263s] Level 1:colcon.colcon_core.package_identification:_identify(depthai_oakdpro/build) by extensions ['ignore', 'ignore_ament_install']
[0.263s] Level 1:colcon.colcon_core.package_identification:_identify(depthai_oakdpro/build) by extension 'ignore'
[0.263s] Level 1:colcon.colcon_core.package_identification:_identify(depthai_oakdpro/build) ignored
[0.263s] Level 1:colcon.colcon_core.package_identification:_identify(depthai_oakdpro/install) by extensions ['ignore', 'ignore_ament_install']
[0.263s] Level 1:colcon.colcon_core.package_identification:_identify(depthai_oakdpro/install) by extension 'ignore'
[0.263s] Level 1:colcon.colcon_core.package_identification:_identify(depthai_oakdpro/install) ignored
[0.263s] Level 1:colcon.colcon_core.package_identification:_identify(depthai_oakdpro/log) by extensions ['ignore', 'ignore_ament_install']
[0.263s] Level 1:colcon.colcon_core.package_identification:_identify(depthai_oakdpro/log) by extension 'ignore'
[0.263s] Level 1:colcon.colcon_core.package_identification:_identify(depthai_oakdpro/log) ignored
[0.263s] Level 1:colcon.colcon_core.package_identification:_identify(depthai_oakdpro/src) by extensions ['ignore', 'ignore_ament_install']
[0.263s] Level 1:colcon.colcon_core.package_identification:_identify(depthai_oakdpro/src) by extension 'ignore'
[0.263s] Level 1:colcon.colcon_core.package_identification:_identify(depthai_oakdpro/src) by extension 'ignore_ament_install'
[0.263s] Level 1:colcon.colcon_core.package_identification:_identify(depthai_oakdpro/src) by extensions ['colcon_pkg']
[0.263s] Level 1:colcon.colcon_core.package_identification:_identify(depthai_oakdpro/src) by extension 'colcon_pkg'
[0.263s] Level 1:colcon.colcon_core.package_identification:_identify(depthai_oakdpro/src) by extensions ['colcon_meta']
[0.263s] Level 1:colcon.colcon_core.package_identification:_identify(depthai_oakdpro/src) by extension 'colcon_meta'
[0.263s] Level 1:colcon.colcon_core.package_identification:_identify(depthai_oakdpro/src) by extensions ['ros']
[0.263s] Level 1:colcon.colcon_core.package_identification:_identify(depthai_oakdpro/src) by extension 'ros'
[0.263s] Level 1:colcon.colcon_core.package_identification:_identify(depthai_oakdpro/src) by extensions ['cmake', 'python']
[0.263s] Level 1:colcon.colcon_core.package_identification:_identify(depthai_oakdpro/src) by extension 'cmake'
[0.263s] Level 1:colcon.colcon_core.package_identification:_identify(depthai_oakdpro/src) by extension 'python'
[0.263s] Level 1:colcon.colcon_core.package_identification:_identify(depthai_oakdpro/src) by extensions ['python_setup_py']
[0.263s] Level 1:colcon.colcon_core.package_identification:_identify(depthai_oakdpro/src) by extension 'python_setup_py'
[0.264s] Level 1:colcon.colcon_core.package_identification:_identify(depthai_oakdpro/src/depthai_desc) by extensions ['ignore', 'ignore_ament_install']
[0.264s] Level 1:colcon.colcon_core.package_identification:_identify(depthai_oakdpro/src/depthai_desc) by extension 'ignore'
[0.264s] Level 1:colcon.colcon_core.package_identification:_identify(depthai_oakdpro/src/depthai_desc) by extension 'ignore_ament_install'
[0.264s] Level 1:colcon.colcon_core.package_identification:_identify(depthai_oakdpro/src/depthai_desc) by extensions ['colcon_pkg']
[0.264s] Level 1:colcon.colcon_core.package_identification:_identify(depthai_oakdpro/src/depthai_desc) by extension 'colcon_pkg'
[0.264s] Level 1:colcon.colcon_core.package_identification:_identify(depthai_oakdpro/src/depthai_desc) by extensions ['colcon_meta']
[0.264s] Level 1:colcon.colcon_core.package_identification:_identify(depthai_oakdpro/src/depthai_desc) by extension 'colcon_meta'
[0.264s] Level 1:colcon.colcon_core.package_identification:_identify(depthai_oakdpro/src/depthai_desc) by extensions ['ros']
[0.264s] Level 1:colcon.colcon_core.package_identification:_identify(depthai_oakdpro/src/depthai_desc) by extension 'ros'
[0.264s] DEBUG:colcon.colcon_core.package_identification:Package 'depthai_oakdpro/src/depthai_desc' with type 'ros.ament_cmake' and name 'depthai_desc'
[0.265s] Level 1:colcon.colcon_core.package_identification:_identify(depthai_oakdpro/src/depthai_oakdpro) by extensions ['ignore', 'ignore_ament_install']
[0.265s] Level 1:colcon.colcon_core.package_identification:_identify(depthai_oakdpro/src/depthai_oakdpro) by extension 'ignore'
[0.265s] Level 1:colcon.colcon_core.package_identification:_identify(depthai_oakdpro/src/depthai_oakdpro) by extension 'ignore_ament_install'
[0.265s] Level 1:colcon.colcon_core.package_identification:_identify(depthai_oakdpro/src/depthai_oakdpro) by extensions ['colcon_pkg']
[0.265s] Level 1:colcon.colcon_core.package_identification:_identify(depthai_oakdpro/src/depthai_oakdpro) by extension 'colcon_pkg'
[0.265s] Level 1:colcon.colcon_core.package_identification:_identify(depthai_oakdpro/src/depthai_oakdpro) by extensions ['colcon_meta']
[0.265s] Level 1:colcon.colcon_core.package_identification:_identify(depthai_oakdpro/src/depthai_oakdpro) by extension 'colcon_meta'
[0.265s] Level 1:colcon.colcon_core.package_identification:_identify(depthai_oakdpro/src/depthai_oakdpro) by extensions ['ros']
[0.265s] Level 1:colcon.colcon_core.package_identification:_identify(depthai_oakdpro/src/depthai_oakdpro) by extension 'ros'
[0.266s] DEBUG:colcon.colcon_core.package_identification:Package 'depthai_oakdpro/src/depthai_oakdpro' with type 'ros.ament_cmake' and name 'depthai_oakdpro'
[0.266s] Level 1:colcon.colcon_core.package_identification:_identify(hybrid_a_star_ws) by extensions ['ignore', 'ignore_ament_install']
[0.266s] Level 1:colcon.colcon_core.package_identification:_identify(hybrid_a_star_ws) by extension 'ignore'
[0.266s] Level 1:colcon.colcon_core.package_identification:_identify(hybrid_a_star_ws) by extension 'ignore_ament_install'
[0.266s] Level 1:colcon.colcon_core.package_identification:_identify(hybrid_a_star_ws) by extensions ['colcon_pkg']
[0.266s] Level 1:colcon.colcon_core.package_identification:_identify(hybrid_a_star_ws) by extension 'colcon_pkg'
[0.266s] Level 1:colcon.colcon_core.package_identification:_identify(hybrid_a_star_ws) by extensions ['colcon_meta']
[0.266s] Level 1:colcon.colcon_core.package_identification:_identify(hybrid_a_star_ws) by extension 'colcon_meta'
[0.266s] Level 1:colcon.colcon_core.package_identification:_identify(hybrid_a_star_ws) by extensions ['ros']
[0.266s] Level 1:colcon.colcon_core.package_identification:_identify(hybrid_a_star_ws) by extension 'ros'
[0.266s] Level 1:colcon.colcon_core.package_identification:_identify(hybrid_a_star_ws) by extensions ['cmake', 'python']
[0.266s] Level 1:colcon.colcon_core.package_identification:_identify(hybrid_a_star_ws) by extension 'cmake'
[0.266s] Level 1:colcon.colcon_core.package_identification:_identify(hybrid_a_star_ws) by extension 'python'
[0.266s] Level 1:colcon.colcon_core.package_identification:_identify(hybrid_a_star_ws) by extensions ['python_setup_py']
[0.266s] Level 1:colcon.colcon_core.package_identification:_identify(hybrid_a_star_ws) by extension 'python_setup_py'
[0.266s] Level 1:colcon.colcon_core.package_identification:_identify(hybrid_a_star_ws/build) by extensions ['ignore', 'ignore_ament_install']
[0.266s] Level 1:colcon.colcon_core.package_identification:_identify(hybrid_a_star_ws/build) by extension 'ignore'
[0.266s] Level 1:colcon.colcon_core.package_identification:_identify(hybrid_a_star_ws/build) ignored
[0.266s] Level 1:colcon.colcon_core.package_identification:_identify(hybrid_a_star_ws/install) by extensions ['ignore', 'ignore_ament_install']
[0.267s] Level 1:colcon.colcon_core.package_identification:_identify(hybrid_a_star_ws/install) by extension 'ignore'
[0.267s] Level 1:colcon.colcon_core.package_identification:_identify(hybrid_a_star_ws/install) ignored
[0.267s] Level 1:colcon.colcon_core.package_identification:_identify(hybrid_a_star_ws/log) by extensions ['ignore', 'ignore_ament_install']
[0.267s] Level 1:colcon.colcon_core.package_identification:_identify(hybrid_a_star_ws/log) by extension 'ignore'
[0.267s] Level 1:colcon.colcon_core.package_identification:_identify(hybrid_a_star_ws/log) ignored
[0.267s] Level 1:colcon.colcon_core.package_identification:_identify(hybrid_a_star_ws/src) by extensions ['ignore', 'ignore_ament_install']
[0.267s] Level 1:colcon.colcon_core.package_identification:_identify(hybrid_a_star_ws/src) by extension 'ignore'
[0.267s] Level 1:colcon.colcon_core.package_identification:_identify(hybrid_a_star_ws/src) by extension 'ignore_ament_install'
[0.267s] Level 1:colcon.colcon_core.package_identification:_identify(hybrid_a_star_ws/src) by extensions ['colcon_pkg']
[0.267s] Level 1:colcon.colcon_core.package_identification:_identify(hybrid_a_star_ws/src) by extension 'colcon_pkg'
[0.267s] Level 1:colcon.colcon_core.package_identification:_identify(hybrid_a_star_ws/src) by extensions ['colcon_meta']
[0.267s] Level 1:colcon.colcon_core.package_identification:_identify(hybrid_a_star_ws/src) by extension 'colcon_meta'
[0.267s] Level 1:colcon.colcon_core.package_identification:_identify(hybrid_a_star_ws/src) by extensions ['ros']
[0.267s] Level 1:colcon.colcon_core.package_identification:_identify(hybrid_a_star_ws/src) by extension 'ros'
[0.267s] Level 1:colcon.colcon_core.package_identification:_identify(hybrid_a_star_ws/src) by extensions ['cmake', 'python']
[0.267s] Level 1:colcon.colcon_core.package_identification:_identify(hybrid_a_star_ws/src) by extension 'cmake'
[0.267s] Level 1:colcon.colcon_core.package_identification:_identify(hybrid_a_star_ws/src) by extension 'python'
[0.267s] Level 1:colcon.colcon_core.package_identification:_identify(hybrid_a_star_ws/src) by extensions ['python_setup_py']
[0.267s] Level 1:colcon.colcon_core.package_identification:_identify(hybrid_a_star_ws/src) by extension 'python_setup_py'
[0.267s] Level 1:colcon.colcon_core.package_identification:_identify(hybrid_a_star_ws/src/Hybrid_A_Star) by extensions ['ignore', 'ignore_ament_install']
[0.267s] Level 1:colcon.colcon_core.package_identification:_identify(hybrid_a_star_ws/src/Hybrid_A_Star) by extension 'ignore'
[0.267s] Level 1:colcon.colcon_core.package_identification:_identify(hybrid_a_star_ws/src/Hybrid_A_Star) by extension 'ignore_ament_install'
[0.267s] Level 1:colcon.colcon_core.package_identification:_identify(hybrid_a_star_ws/src/Hybrid_A_Star) by extensions ['colcon_pkg']
[0.267s] Level 1:colcon.colcon_core.package_identification:_identify(hybrid_a_star_ws/src/Hybrid_A_Star) by extension 'colcon_pkg'
[0.267s] Level 1:colcon.colcon_core.package_identification:_identify(hybrid_a_star_ws/src/Hybrid_A_Star) by extensions ['colcon_meta']
[0.267s] Level 1:colcon.colcon_core.package_identification:_identify(hybrid_a_star_ws/src/Hybrid_A_Star) by extension 'colcon_meta'
[0.267s] Level 1:colcon.colcon_core.package_identification:_identify(hybrid_a_star_ws/src/Hybrid_A_Star) by extensions ['ros']
[0.267s] Level 1:colcon.colcon_core.package_identification:_identify(hybrid_a_star_ws/src/Hybrid_A_Star) by extension 'ros'
[0.268s] DEBUG:colcon.colcon_core.package_identification:Package 'hybrid_a_star_ws/src/Hybrid_A_Star' with type 'ros.ament_cmake' and name 'hybrid_a_star'
[0.268s] Level 1:colcon.colcon_core.package_identification:_identify(imgs) by extensions ['ignore', 'ignore_ament_install']
[0.269s] Level 1:colcon.colcon_core.package_identification:_identify(imgs) by extension 'ignore'
[0.269s] Level 1:colcon.colcon_core.package_identification:_identify(imgs) by extension 'ignore_ament_install'
[0.269s] Level 1:colcon.colcon_core.package_identification:_identify(imgs) by extensions ['colcon_pkg']
[0.269s] Level 1:colcon.colcon_core.package_identification:_identify(imgs) by extension 'colcon_pkg'
[0.269s] Level 1:colcon.colcon_core.package_identification:_identify(imgs) by extensions ['colcon_meta']
[0.269s] Level 1:colcon.colcon_core.package_identification:_identify(imgs) by extension 'colcon_meta'
[0.269s] Level 1:colcon.colcon_core.package_identification:_identify(imgs) by extensions ['ros']
[0.269s] Level 1:colcon.colcon_core.package_identification:_identify(imgs) by extension 'ros'
[0.269s] Level 1:colcon.colcon_core.package_identification:_identify(imgs) by extensions ['cmake', 'python']
[0.269s] Level 1:colcon.colcon_core.package_identification:_identify(imgs) by extension 'cmake'
[0.269s] Level 1:colcon.colcon_core.package_identification:_identify(imgs) by extension 'python'
[0.269s] Level 1:colcon.colcon_core.package_identification:_identify(imgs) by extensions ['python_setup_py']
[0.269s] Level 1:colcon.colcon_core.package_identification:_identify(imgs) by extension 'python_setup_py'
[0.269s] Level 1:colcon.colcon_core.package_identification:_identify(imu_localization) by extensions ['ignore', 'ignore_ament_install']
[0.269s] Level 1:colcon.colcon_core.package_identification:_identify(imu_localization) by extension 'ignore'
[0.269s] Level 1:colcon.colcon_core.package_identification:_identify(imu_localization) by extension 'ignore_ament_install'
[0.269s] Level 1:colcon.colcon_core.package_identification:_identify(imu_localization) by extensions ['colcon_pkg']
[0.269s] Level 1:colcon.colcon_core.package_identification:_identify(imu_localization) by extension 'colcon_pkg'
[0.269s] Level 1:colcon.colcon_core.package_identification:_identify(imu_localization) by extensions ['colcon_meta']
[0.269s] Level 1:colcon.colcon_core.package_identification:_identify(imu_localization) by extension 'colcon_meta'
[0.269s] Level 1:colcon.colcon_core.package_identification:_identify(imu_localization) by extensions ['ros']
[0.269s] Level 1:colcon.colcon_core.package_identification:_identify(imu_localization) by extension 'ros'
[0.269s] Level 1:colcon.colcon_core.package_identification:_identify(imu_localization) by extensions ['cmake', 'python']
[0.269s] Level 1:colcon.colcon_core.package_identification:_identify(imu_localization) by extension 'cmake'
[0.269s] Level 1:colcon.colcon_core.package_identification:_identify(imu_localization) by extension 'python'
[0.269s] Level 1:colcon.colcon_core.package_identification:_identify(imu_localization) by extensions ['python_setup_py']
[0.269s] Level 1:colcon.colcon_core.package_identification:_identify(imu_localization) by extension 'python_setup_py'
[0.269s] Level 1:colcon.colcon_core.package_identification:_identify(imu_localization/build) by extensions ['ignore', 'ignore_ament_install']
[0.269s] Level 1:colcon.colcon_core.package_identification:_identify(imu_localization/build) by extension 'ignore'
[0.269s] Level 1:colcon.colcon_core.package_identification:_identify(imu_localization/build) ignored
[0.269s] Level 1:colcon.colcon_core.package_identification:_identify(imu_localization/install) by extensions ['ignore', 'ignore_ament_install']
[0.269s] Level 1:colcon.colcon_core.package_identification:_identify(imu_localization/install) by extension 'ignore'
[0.269s] Level 1:colcon.colcon_core.package_identification:_identify(imu_localization/install) ignored
[0.270s] Level 1:colcon.colcon_core.package_identification:_identify(imu_localization/log) by extensions ['ignore', 'ignore_ament_install']
[0.270s] Level 1:colcon.colcon_core.package_identification:_identify(imu_localization/log) by extension 'ignore'
[0.270s] Level 1:colcon.colcon_core.package_identification:_identify(imu_localization/log) ignored
[0.270s] Level 1:colcon.colcon_core.package_identification:_identify(imu_localization/src) by extensions ['ignore', 'ignore_ament_install']
[0.270s] Level 1:colcon.colcon_core.package_identification:_identify(imu_localization/src) by extension 'ignore'
[0.270s] Level 1:colcon.colcon_core.package_identification:_identify(imu_localization/src) by extension 'ignore_ament_install'
[0.270s] Level 1:colcon.colcon_core.package_identification:_identify(imu_localization/src) by extensions ['colcon_pkg']
[0.270s] Level 1:colcon.colcon_core.package_identification:_identify(imu_localization/src) by extension 'colcon_pkg'
[0.270s] Level 1:colcon.colcon_core.package_identification:_identify(imu_localization/src) by extensions ['colcon_meta']
[0.270s] Level 1:colcon.colcon_core.package_identification:_identify(imu_localization/src) by extension 'colcon_meta'
[0.270s] Level 1:colcon.colcon_core.package_identification:_identify(imu_localization/src) by extensions ['ros']
[0.270s] Level 1:colcon.colcon_core.package_identification:_identify(imu_localization/src) by extension 'ros'
[0.270s] Level 1:colcon.colcon_core.package_identification:_identify(imu_localization/src) by extensions ['cmake', 'python']
[0.270s] Level 1:colcon.colcon_core.package_identification:_identify(imu_localization/src) by extension 'cmake'
[0.270s] Level 1:colcon.colcon_core.package_identification:_identify(imu_localization/src) by extension 'python'
[0.270s] Level 1:colcon.colcon_core.package_identification:_identify(imu_localization/src) by extensions ['python_setup_py']
[0.270s] Level 1:colcon.colcon_core.package_identification:_identify(imu_localization/src) by extension 'python_setup_py'
[0.270s] Level 1:colcon.colcon_core.package_identification:_identify(imu_localization/src/imu_localization) by extensions ['ignore', 'ignore_ament_install']
[0.270s] Level 1:colcon.colcon_core.package_identification:_identify(imu_localization/src/imu_localization) by extension 'ignore'
[0.270s] Level 1:colcon.colcon_core.package_identification:_identify(imu_localization/src/imu_localization) by extension 'ignore_ament_install'
[0.270s] Level 1:colcon.colcon_core.package_identification:_identify(imu_localization/src/imu_localization) by extensions ['colcon_pkg']
[0.270s] Level 1:colcon.colcon_core.package_identification:_identify(imu_localization/src/imu_localization) by extension 'colcon_pkg'
[0.270s] Level 1:colcon.colcon_core.package_identification:_identify(imu_localization/src/imu_localization) by extensions ['colcon_meta']
[0.270s] Level 1:colcon.colcon_core.package_identification:_identify(imu_localization/src/imu_localization) by extension 'colcon_meta'
[0.270s] Level 1:colcon.colcon_core.package_identification:_identify(imu_localization/src/imu_localization) by extensions ['ros']
[0.270s] Level 1:colcon.colcon_core.package_identification:_identify(imu_localization/src/imu_localization) by extension 'ros'
[0.271s] DEBUG:colcon.colcon_core.package_identification:Package 'imu_localization/src/imu_localization' with type 'ros.ament_cmake' and name 'imu_localization'
[0.271s] Level 1:colcon.colcon_core.package_identification:_identify(install) by extensions ['ignore', 'ignore_ament_install']
[0.271s] Level 1:colcon.colcon_core.package_identification:_identify(install) by extension 'ignore'
[0.271s] Level 1:colcon.colcon_core.package_identification:_identify(install) ignored
[0.271s] Level 1:colcon.colcon_core.package_identification:_identify(lidar_sim) by extensions ['ignore', 'ignore_ament_install']
[0.271s] Level 1:colcon.colcon_core.package_identification:_identify(lidar_sim) by extension 'ignore'
[0.271s] Level 1:colcon.colcon_core.package_identification:_identify(lidar_sim) by extension 'ignore_ament_install'
[0.271s] Level 1:colcon.colcon_core.package_identification:_identify(lidar_sim) by extensions ['colcon_pkg']
[0.271s] Level 1:colcon.colcon_core.package_identification:_identify(lidar_sim) by extension 'colcon_pkg'
[0.271s] Level 1:colcon.colcon_core.package_identification:_identify(lidar_sim) by extensions ['colcon_meta']
[0.271s] Level 1:colcon.colcon_core.package_identification:_identify(lidar_sim) by extension 'colcon_meta'
[0.271s] Level 1:colcon.colcon_core.package_identification:_identify(lidar_sim) by extensions ['ros']
[0.271s] Level 1:colcon.colcon_core.package_identification:_identify(lidar_sim) by extension 'ros'
[0.271s] Level 1:colcon.colcon_core.package_identification:_identify(lidar_sim) by extensions ['cmake', 'python']
[0.271s] Level 1:colcon.colcon_core.package_identification:_identify(lidar_sim) by extension 'cmake'
[0.271s] Level 1:colcon.colcon_core.package_identification:_identify(lidar_sim) by extension 'python'
[0.271s] Level 1:colcon.colcon_core.package_identification:_identify(lidar_sim) by extensions ['python_setup_py']
[0.271s] Level 1:colcon.colcon_core.package_identification:_identify(lidar_sim) by extension 'python_setup_py'
[0.271s] Level 1:colcon.colcon_core.package_identification:_identify(lidar_sim/build) by extensions ['ignore', 'ignore_ament_install']
[0.271s] Level 1:colcon.colcon_core.package_identification:_identify(lidar_sim/build) by extension 'ignore'
[0.271s] Level 1:colcon.colcon_core.package_identification:_identify(lidar_sim/build) ignored
[0.272s] Level 1:colcon.colcon_core.package_identification:_identify(lidar_sim/install) by extensions ['ignore', 'ignore_ament_install']
[0.272s] Level 1:colcon.colcon_core.package_identification:_identify(lidar_sim/install) by extension 'ignore'
[0.272s] Level 1:colcon.colcon_core.package_identification:_identify(lidar_sim/install) ignored
[0.272s] Level 1:colcon.colcon_core.package_identification:_identify(lidar_sim/log) by extensions ['ignore', 'ignore_ament_install']
[0.272s] Level 1:colcon.colcon_core.package_identification:_identify(lidar_sim/log) by extension 'ignore'
[0.272s] Level 1:colcon.colcon_core.package_identification:_identify(lidar_sim/log) ignored
[0.272s] Level 1:colcon.colcon_core.package_identification:_identify(lidar_sim/src) by extensions ['ignore', 'ignore_ament_install']
[0.272s] Level 1:colcon.colcon_core.package_identification:_identify(lidar_sim/src) by extension 'ignore'
[0.272s] Level 1:colcon.colcon_core.package_identification:_identify(lidar_sim/src) by extension 'ignore_ament_install'
[0.272s] Level 1:colcon.colcon_core.package_identification:_identify(lidar_sim/src) by extensions ['colcon_pkg']
[0.272s] Level 1:colcon.colcon_core.package_identification:_identify(lidar_sim/src) by extension 'colcon_pkg'
[0.272s] Level 1:colcon.colcon_core.package_identification:_identify(lidar_sim/src) by extensions ['colcon_meta']
[0.272s] Level 1:colcon.colcon_core.package_identification:_identify(lidar_sim/src) by extension 'colcon_meta'
[0.272s] Level 1:colcon.colcon_core.package_identification:_identify(lidar_sim/src) by extensions ['ros']
[0.272s] Level 1:colcon.colcon_core.package_identification:_identify(lidar_sim/src) by extension 'ros'
[0.272s] Level 1:colcon.colcon_core.package_identification:_identify(lidar_sim/src) by extensions ['cmake', 'python']
[0.272s] Level 1:colcon.colcon_core.package_identification:_identify(lidar_sim/src) by extension 'cmake'
[0.272s] Level 1:colcon.colcon_core.package_identification:_identify(lidar_sim/src) by extension 'python'
[0.272s] Level 1:colcon.colcon_core.package_identification:_identify(lidar_sim/src) by extensions ['python_setup_py']
[0.272s] Level 1:colcon.colcon_core.package_identification:_identify(lidar_sim/src) by extension 'python_setup_py'
[0.272s] Level 1:colcon.colcon_core.package_identification:_identify(lidar_sim/src/lidar) by extensions ['ignore', 'ignore_ament_install']
[0.272s] Level 1:colcon.colcon_core.package_identification:_identify(lidar_sim/src/lidar) by extension 'ignore'
[0.272s] Level 1:colcon.colcon_core.package_identification:_identify(lidar_sim/src/lidar) by extension 'ignore_ament_install'
[0.272s] Level 1:colcon.colcon_core.package_identification:_identify(lidar_sim/src/lidar) by extensions ['colcon_pkg']
[0.272s] Level 1:colcon.colcon_core.package_identification:_identify(lidar_sim/src/lidar) by extension 'colcon_pkg'
[0.272s] Level 1:colcon.colcon_core.package_identification:_identify(lidar_sim/src/lidar) by extensions ['colcon_meta']
[0.272s] Level 1:colcon.colcon_core.package_identification:_identify(lidar_sim/src/lidar) by extension 'colcon_meta'
[0.273s] Level 1:colcon.colcon_core.package_identification:_identify(lidar_sim/src/lidar) by extensions ['ros']
[0.273s] Level 1:colcon.colcon_core.package_identification:_identify(lidar_sim/src/lidar) by extension 'ros'
[0.273s] DEBUG:colcon.colcon_core.package_identification:Package 'lidar_sim/src/lidar' with type 'ros.ament_cmake' and name 'fakelidar'
[0.273s] Level 1:colcon.colcon_core.package_identification:_identify(log) by extensions ['ignore', 'ignore_ament_install']
[0.273s] Level 1:colcon.colcon_core.package_identification:_identify(log) by extension 'ignore'
[0.273s] Level 1:colcon.colcon_core.package_identification:_identify(log) ignored
[0.273s] Level 1:colcon.colcon_core.package_identification:_identify(map_service) by extensions ['ignore', 'ignore_ament_install']
[0.273s] Level 1:colcon.colcon_core.package_identification:_identify(map_service) by extension 'ignore'
[0.273s] Level 1:colcon.colcon_core.package_identification:_identify(map_service) by extension 'ignore_ament_install'
[0.274s] Level 1:colcon.colcon_core.package_identification:_identify(map_service) by extensions ['colcon_pkg']
[0.274s] Level 1:colcon.colcon_core.package_identification:_identify(map_service) by extension 'colcon_pkg'
[0.274s] Level 1:colcon.colcon_core.package_identification:_identify(map_service) by extensions ['colcon_meta']
[0.274s] Level 1:colcon.colcon_core.package_identification:_identify(map_service) by extension 'colcon_meta'
[0.274s] Level 1:colcon.colcon_core.package_identification:_identify(map_service) by extensions ['ros']
[0.274s] Level 1:colcon.colcon_core.package_identification:_identify(map_service) by extension 'ros'
[0.274s] Level 1:colcon.colcon_core.package_identification:_identify(map_service) by extensions ['cmake', 'python']
[0.274s] Level 1:colcon.colcon_core.package_identification:_identify(map_service) by extension 'cmake'
[0.274s] Level 1:colcon.colcon_core.package_identification:_identify(map_service) by extension 'python'
[0.274s] Level 1:colcon.colcon_core.package_identification:_identify(map_service) by extensions ['python_setup_py']
[0.274s] Level 1:colcon.colcon_core.package_identification:_identify(map_service) by extension 'python_setup_py'
[0.274s] Level 1:colcon.colcon_core.package_identification:_identify(map_service/build) by extensions ['ignore', 'ignore_ament_install']
[0.274s] Level 1:colcon.colcon_core.package_identification:_identify(map_service/build) by extension 'ignore'
[0.274s] Level 1:colcon.colcon_core.package_identification:_identify(map_service/build) ignored
[0.274s] Level 1:colcon.colcon_core.package_identification:_identify(map_service/install) by extensions ['ignore', 'ignore_ament_install']
[0.274s] Level 1:colcon.colcon_core.package_identification:_identify(map_service/install) by extension 'ignore'
[0.274s] Level 1:colcon.colcon_core.package_identification:_identify(map_service/install) ignored
[0.274s] Level 1:colcon.colcon_core.package_identification:_identify(map_service/log) by extensions ['ignore', 'ignore_ament_install']
[0.274s] Level 1:colcon.colcon_core.package_identification:_identify(map_service/log) by extension 'ignore'
[0.274s] Level 1:colcon.colcon_core.package_identification:_identify(map_service/log) ignored
[0.274s] Level 1:colcon.colcon_core.package_identification:_identify(map_service/src) by extensions ['ignore', 'ignore_ament_install']
[0.274s] Level 1:colcon.colcon_core.package_identification:_identify(map_service/src) by extension 'ignore'
[0.274s] Level 1:colcon.colcon_core.package_identification:_identify(map_service/src) by extension 'ignore_ament_install'
[0.274s] Level 1:colcon.colcon_core.package_identification:_identify(map_service/src) by extensions ['colcon_pkg']
[0.274s] Level 1:colcon.colcon_core.package_identification:_identify(map_service/src) by extension 'colcon_pkg'
[0.274s] Level 1:colcon.colcon_core.package_identification:_identify(map_service/src) by extensions ['colcon_meta']
[0.274s] Level 1:colcon.colcon_core.package_identification:_identify(map_service/src) by extension 'colcon_meta'
[0.274s] Level 1:colcon.colcon_core.package_identification:_identify(map_service/src) by extensions ['ros']
[0.274s] Level 1:colcon.colcon_core.package_identification:_identify(map_service/src) by extension 'ros'
[0.275s] Level 1:colcon.colcon_core.package_identification:_identify(map_service/src) by extensions ['cmake', 'python']
[0.275s] Level 1:colcon.colcon_core.package_identification:_identify(map_service/src) by extension 'cmake'
[0.275s] Level 1:colcon.colcon_core.package_identification:_identify(map_service/src) by extension 'python'
[0.275s] Level 1:colcon.colcon_core.package_identification:_identify(map_service/src) by extensions ['python_setup_py']
[0.275s] Level 1:colcon.colcon_core.package_identification:_identify(map_service/src) by extension 'python_setup_py'
[0.275s] Level 1:colcon.colcon_core.package_identification:_identify(map_service/src/map_creator) by extensions ['ignore', 'ignore_ament_install']
[0.275s] Level 1:colcon.colcon_core.package_identification:_identify(map_service/src/map_creator) by extension 'ignore'
[0.275s] Level 1:colcon.colcon_core.package_identification:_identify(map_service/src/map_creator) by extension 'ignore_ament_install'
[0.275s] Level 1:colcon.colcon_core.package_identification:_identify(map_service/src/map_creator) by extensions ['colcon_pkg']
[0.275s] Level 1:colcon.colcon_core.package_identification:_identify(map_service/src/map_creator) by extension 'colcon_pkg'
[0.275s] Level 1:colcon.colcon_core.package_identification:_identify(map_service/src/map_creator) by extensions ['colcon_meta']
[0.275s] Level 1:colcon.colcon_core.package_identification:_identify(map_service/src/map_creator) by extension 'colcon_meta'
[0.275s] Level 1:colcon.colcon_core.package_identification:_identify(map_service/src/map_creator) by extensions ['ros']
[0.275s] Level 1:colcon.colcon_core.package_identification:_identify(map_service/src/map_creator) by extension 'ros'
[0.276s] DEBUG:colcon.colcon_core.package_identification:Package 'map_service/src/map_creator' with type 'ros.ament_cmake' and name 'map_creator'
[0.276s] Level 1:colcon.colcon_core.package_identification:_identify(mpc_control_cpp_auto) by extensions ['ignore', 'ignore_ament_install']
[0.276s] Level 1:colcon.colcon_core.package_identification:_identify(mpc_control_cpp_auto) by extension 'ignore'
[0.276s] Level 1:colcon.colcon_core.package_identification:_identify(mpc_control_cpp_auto) by extension 'ignore_ament_install'
[0.276s] Level 1:colcon.colcon_core.package_identification:_identify(mpc_control_cpp_auto) by extensions ['colcon_pkg']
[0.276s] Level 1:colcon.colcon_core.package_identification:_identify(mpc_control_cpp_auto) by extension 'colcon_pkg'
[0.276s] Level 1:colcon.colcon_core.package_identification:_identify(mpc_control_cpp_auto) by extensions ['colcon_meta']
[0.276s] Level 1:colcon.colcon_core.package_identification:_identify(mpc_control_cpp_auto) by extension 'colcon_meta'
[0.276s] Level 1:colcon.colcon_core.package_identification:_identify(mpc_control_cpp_auto) by extensions ['ros']
[0.276s] Level 1:colcon.colcon_core.package_identification:_identify(mpc_control_cpp_auto) by extension 'ros'
[0.276s] Level 1:colcon.colcon_core.package_identification:_identify(mpc_control_cpp_auto) by extensions ['cmake', 'python']
[0.276s] Level 1:colcon.colcon_core.package_identification:_identify(mpc_control_cpp_auto) by extension 'cmake'
[0.276s] Level 1:colcon.colcon_core.package_identification:_identify(mpc_control_cpp_auto) by extension 'python'
[0.276s] Level 1:colcon.colcon_core.package_identification:_identify(mpc_control_cpp_auto) by extensions ['python_setup_py']
[0.276s] Level 1:colcon.colcon_core.package_identification:_identify(mpc_control_cpp_auto) by extension 'python_setup_py'
[0.276s] Level 1:colcon.colcon_core.package_identification:_identify(mpc_control_cpp_auto/build) by extensions ['ignore', 'ignore_ament_install']
[0.276s] Level 1:colcon.colcon_core.package_identification:_identify(mpc_control_cpp_auto/build) by extension 'ignore'
[0.276s] Level 1:colcon.colcon_core.package_identification:_identify(mpc_control_cpp_auto/build) ignored
[0.276s] Level 1:colcon.colcon_core.package_identification:_identify(mpc_control_cpp_auto/install) by extensions ['ignore', 'ignore_ament_install']
[0.276s] Level 1:colcon.colcon_core.package_identification:_identify(mpc_control_cpp_auto/install) by extension 'ignore'
[0.276s] Level 1:colcon.colcon_core.package_identification:_identify(mpc_control_cpp_auto/install) ignored
[0.277s] Level 1:colcon.colcon_core.package_identification:_identify(mpc_control_cpp_auto/log) by extensions ['ignore', 'ignore_ament_install']
[0.277s] Level 1:colcon.colcon_core.package_identification:_identify(mpc_control_cpp_auto/log) by extension 'ignore'
[0.277s] Level 1:colcon.colcon_core.package_identification:_identify(mpc_control_cpp_auto/log) ignored
[0.277s] Level 1:colcon.colcon_core.package_identification:_identify(mpc_control_cpp_auto/src) by extensions ['ignore', 'ignore_ament_install']
[0.277s] Level 1:colcon.colcon_core.package_identification:_identify(mpc_control_cpp_auto/src) by extension 'ignore'
[0.277s] Level 1:colcon.colcon_core.package_identification:_identify(mpc_control_cpp_auto/src) by extension 'ignore_ament_install'
[0.277s] Level 1:colcon.colcon_core.package_identification:_identify(mpc_control_cpp_auto/src) by extensions ['colcon_pkg']
[0.277s] Level 1:colcon.colcon_core.package_identification:_identify(mpc_control_cpp_auto/src) by extension 'colcon_pkg'
[0.277s] Level 1:colcon.colcon_core.package_identification:_identify(mpc_control_cpp_auto/src) by extensions ['colcon_meta']
[0.277s] Level 1:colcon.colcon_core.package_identification:_identify(mpc_control_cpp_auto/src) by extension 'colcon_meta'
[0.277s] Level 1:colcon.colcon_core.package_identification:_identify(mpc_control_cpp_auto/src) by extensions ['ros']
[0.277s] Level 1:colcon.colcon_core.package_identification:_identify(mpc_control_cpp_auto/src) by extension 'ros'
[0.277s] Level 1:colcon.colcon_core.package_identification:_identify(mpc_control_cpp_auto/src) by extensions ['cmake', 'python']
[0.277s] Level 1:colcon.colcon_core.package_identification:_identify(mpc_control_cpp_auto/src) by extension 'cmake'
[0.277s] Level 1:colcon.colcon_core.package_identification:_identify(mpc_control_cpp_auto/src) by extension 'python'
[0.277s] Level 1:colcon.colcon_core.package_identification:_identify(mpc_control_cpp_auto/src) by extensions ['python_setup_py']
[0.277s] Level 1:colcon.colcon_core.package_identification:_identify(mpc_control_cpp_auto/src) by extension 'python_setup_py'
[0.277s] Level 1:colcon.colcon_core.package_identification:_identify(mpc_control_cpp_auto/src/custom_teleop) by extensions ['ignore', 'ignore_ament_install']
[0.277s] Level 1:colcon.colcon_core.package_identification:_identify(mpc_control_cpp_auto/src/custom_teleop) by extension 'ignore'
[0.277s] Level 1:colcon.colcon_core.package_identification:_identify(mpc_control_cpp_auto/src/custom_teleop) by extension 'ignore_ament_install'
[0.277s] Level 1:colcon.colcon_core.package_identification:_identify(mpc_control_cpp_auto/src/custom_teleop) by extensions ['colcon_pkg']
[0.277s] Level 1:colcon.colcon_core.package_identification:_identify(mpc_control_cpp_auto/src/custom_teleop) by extension 'colcon_pkg'
[0.277s] Level 1:colcon.colcon_core.package_identification:_identify(mpc_control_cpp_auto/src/custom_teleop) by extensions ['colcon_meta']
[0.277s] Level 1:colcon.colcon_core.package_identification:_identify(mpc_control_cpp_auto/src/custom_teleop) by extension 'colcon_meta'
[0.277s] Level 1:colcon.colcon_core.package_identification:_identify(mpc_control_cpp_auto/src/custom_teleop) by extensions ['ros']
[0.277s] Level 1:colcon.colcon_core.package_identification:_identify(mpc_control_cpp_auto/src/custom_teleop) by extension 'ros'
[0.278s] DEBUG:colcon.colcon_core.package_identification:Package 'mpc_control_cpp_auto/src/custom_teleop' with type 'ros.ament_cmake' and name 'custom_teleop'
[0.278s] Level 1:colcon.colcon_core.package_identification:_identify(orbslam_ws) by extensions ['ignore', 'ignore_ament_install']
[0.278s] Level 1:colcon.colcon_core.package_identification:_identify(orbslam_ws) by extension 'ignore'
[0.278s] Level 1:colcon.colcon_core.package_identification:_identify(orbslam_ws) by extension 'ignore_ament_install'
[0.278s] Level 1:colcon.colcon_core.package_identification:_identify(orbslam_ws) by extensions ['colcon_pkg']
[0.278s] Level 1:colcon.colcon_core.package_identification:_identify(orbslam_ws) by extension 'colcon_pkg'
[0.278s] Level 1:colcon.colcon_core.package_identification:_identify(orbslam_ws) by extensions ['colcon_meta']
[0.278s] Level 1:colcon.colcon_core.package_identification:_identify(orbslam_ws) by extension 'colcon_meta'
[0.278s] Level 1:colcon.colcon_core.package_identification:_identify(orbslam_ws) by extensions ['ros']
[0.278s] Level 1:colcon.colcon_core.package_identification:_identify(orbslam_ws) by extension 'ros'
[0.278s] Level 1:colcon.colcon_core.package_identification:_identify(orbslam_ws) by extensions ['cmake', 'python']
[0.278s] Level 1:colcon.colcon_core.package_identification:_identify(orbslam_ws) by extension 'cmake'
[0.278s] Level 1:colcon.colcon_core.package_identification:_identify(orbslam_ws) by extension 'python'
[0.278s] Level 1:colcon.colcon_core.package_identification:_identify(orbslam_ws) by extensions ['python_setup_py']
[0.278s] Level 1:colcon.colcon_core.package_identification:_identify(orbslam_ws) by extension 'python_setup_py'
[0.278s] Level 1:colcon.colcon_core.package_identification:_identify(orbslam_ws/V2) by extensions ['ignore', 'ignore_ament_install']
[0.278s] Level 1:colcon.colcon_core.package_identification:_identify(orbslam_ws/V2) by extension 'ignore'
[0.278s] Level 1:colcon.colcon_core.package_identification:_identify(orbslam_ws/V2) by extension 'ignore_ament_install'
[0.278s] Level 1:colcon.colcon_core.package_identification:_identify(orbslam_ws/V2) by extensions ['colcon_pkg']
[0.278s] Level 1:colcon.colcon_core.package_identification:_identify(orbslam_ws/V2) by extension 'colcon_pkg'
[0.279s] Level 1:colcon.colcon_core.package_identification:_identify(orbslam_ws/V2) by extensions ['colcon_meta']
[0.279s] Level 1:colcon.colcon_core.package_identification:_identify(orbslam_ws/V2) by extension 'colcon_meta'
[0.279s] Level 1:colcon.colcon_core.package_identification:_identify(orbslam_ws/V2) by extensions ['ros']
[0.279s] Level 1:colcon.colcon_core.package_identification:_identify(orbslam_ws/V2) by extension 'ros'
[0.279s] Level 1:colcon.colcon_core.package_identification:_identify(orbslam_ws/V2) by extensions ['cmake', 'python']
[0.279s] Level 1:colcon.colcon_core.package_identification:_identify(orbslam_ws/V2) by extension 'cmake'
[0.279s] Level 1:colcon.colcon_core.package_identification:_identify(orbslam_ws/V2) by extension 'python'
[0.279s] Level 1:colcon.colcon_core.package_identification:_identify(orbslam_ws/V2) by extensions ['python_setup_py']
[0.279s] Level 1:colcon.colcon_core.package_identification:_identify(orbslam_ws/V2) by extension 'python_setup_py'
[0.279s] Level 1:colcon.colcon_core.package_identification:_identify(orbslam_ws/build) by extensions ['ignore', 'ignore_ament_install']
[0.279s] Level 1:colcon.colcon_core.package_identification:_identify(orbslam_ws/build) by extension 'ignore'
[0.279s] Level 1:colcon.colcon_core.package_identification:_identify(orbslam_ws/build) ignored
[0.279s] Level 1:colcon.colcon_core.package_identification:_identify(orbslam_ws/install) by extensions ['ignore', 'ignore_ament_install']
[0.279s] Level 1:colcon.colcon_core.package_identification:_identify(orbslam_ws/install) by extension 'ignore'
[0.279s] Level 1:colcon.colcon_core.package_identification:_identify(orbslam_ws/install) ignored
[0.279s] Level 1:colcon.colcon_core.package_identification:_identify(orbslam_ws/log) by extensions ['ignore', 'ignore_ament_install']
[0.279s] Level 1:colcon.colcon_core.package_identification:_identify(orbslam_ws/log) by extension 'ignore'
[0.279s] Level 1:colcon.colcon_core.package_identification:_identify(orbslam_ws/log) ignored
[0.279s] Level 1:colcon.colcon_core.package_identification:_identify(orbslam_ws/src) by extensions ['ignore', 'ignore_ament_install']
[0.279s] Level 1:colcon.colcon_core.package_identification:_identify(orbslam_ws/src) by extension 'ignore'
[0.279s] Level 1:colcon.colcon_core.package_identification:_identify(orbslam_ws/src) by extension 'ignore_ament_install'
[0.279s] Level 1:colcon.colcon_core.package_identification:_identify(orbslam_ws/src) by extensions ['colcon_pkg']
[0.279s] Level 1:colcon.colcon_core.package_identification:_identify(orbslam_ws/src) by extension 'colcon_pkg'
[0.279s] Level 1:colcon.colcon_core.package_identification:_identify(orbslam_ws/src) by extensions ['colcon_meta']
[0.279s] Level 1:colcon.colcon_core.package_identification:_identify(orbslam_ws/src) by extension 'colcon_meta'
[0.279s] Level 1:colcon.colcon_core.package_identification:_identify(orbslam_ws/src) by extensions ['ros']
[0.279s] Level 1:colcon.colcon_core.package_identification:_identify(orbslam_ws/src) by extension 'ros'
[0.279s] Level 1:colcon.colcon_core.package_identification:_identify(orbslam_ws/src) by extensions ['cmake', 'python']
[0.279s] Level 1:colcon.colcon_core.package_identification:_identify(orbslam_ws/src) by extension 'cmake'
[0.279s] Level 1:colcon.colcon_core.package_identification:_identify(orbslam_ws/src) by extension 'python'
[0.279s] Level 1:colcon.colcon_core.package_identification:_identify(orbslam_ws/src) by extensions ['python_setup_py']
[0.279s] Level 1:colcon.colcon_core.package_identification:_identify(orbslam_ws/src) by extension 'python_setup_py'
[0.279s] Level 1:colcon.colcon_core.package_identification:_identify(orbslam_ws/src/ORB_SLAM3_ROS2) by extensions ['ignore', 'ignore_ament_install']
[0.279s] Level 1:colcon.colcon_core.package_identification:_identify(orbslam_ws/src/ORB_SLAM3_ROS2) by extension 'ignore'
[0.279s] Level 1:colcon.colcon_core.package_identification:_identify(orbslam_ws/src/ORB_SLAM3_ROS2) by extension 'ignore_ament_install'
[0.280s] Level 1:colcon.colcon_core.package_identification:_identify(orbslam_ws/src/ORB_SLAM3_ROS2) by extensions ['colcon_pkg']
[0.280s] Level 1:colcon.colcon_core.package_identification:_identify(orbslam_ws/src/ORB_SLAM3_ROS2) by extension 'colcon_pkg'
[0.280s] Level 1:colcon.colcon_core.package_identification:_identify(orbslam_ws/src/ORB_SLAM3_ROS2) by extensions ['colcon_meta']
[0.280s] Level 1:colcon.colcon_core.package_identification:_identify(orbslam_ws/src/ORB_SLAM3_ROS2) by extension 'colcon_meta'
[0.280s] Level 1:colcon.colcon_core.package_identification:_identify(orbslam_ws/src/ORB_SLAM3_ROS2) by extensions ['ros']
[0.280s] Level 1:colcon.colcon_core.package_identification:_identify(orbslam_ws/src/ORB_SLAM3_ROS2) by extension 'ros'
[0.280s] DEBUG:colcon.colcon_core.package_identification:Package 'orbslam_ws/src/ORB_SLAM3_ROS2' with type 'ros.ament_cmake' and name 'orbslam3'
[0.280s] Level 1:colcon.colcon_core.package_identification:_identify(publish_stereo_pkg) by extensions ['ignore', 'ignore_ament_install']
[0.280s] Level 1:colcon.colcon_core.package_identification:_identify(publish_stereo_pkg) by extension 'ignore'
[0.280s] Level 1:colcon.colcon_core.package_identification:_identify(publish_stereo_pkg) by extension 'ignore_ament_install'
[0.280s] Level 1:colcon.colcon_core.package_identification:_identify(publish_stereo_pkg) by extensions ['colcon_pkg']
[0.280s] Level 1:colcon.colcon_core.package_identification:_identify(publish_stereo_pkg) by extension 'colcon_pkg'
[0.280s] Level 1:colcon.colcon_core.package_identification:_identify(publish_stereo_pkg) by extensions ['colcon_meta']
[0.281s] Level 1:colcon.colcon_core.package_identification:_identify(publish_stereo_pkg) by extension 'colcon_meta'
[0.281s] Level 1:colcon.colcon_core.package_identification:_identify(publish_stereo_pkg) by extensions ['ros']
[0.281s] Level 1:colcon.colcon_core.package_identification:_identify(publish_stereo_pkg) by extension 'ros'
[0.281s] Level 1:colcon.colcon_core.package_identification:_identify(publish_stereo_pkg) by extensions ['cmake', 'python']
[0.281s] Level 1:colcon.colcon_core.package_identification:_identify(publish_stereo_pkg) by extension 'cmake'
[0.281s] Level 1:colcon.colcon_core.package_identification:_identify(publish_stereo_pkg) by extension 'python'
[0.281s] Level 1:colcon.colcon_core.package_identification:_identify(publish_stereo_pkg) by extensions ['python_setup_py']
[0.281s] Level 1:colcon.colcon_core.package_identification:_identify(publish_stereo_pkg) by extension 'python_setup_py'
[0.281s] Level 1:colcon.colcon_core.package_identification:_identify(publish_stereo_pkg/build) by extensions ['ignore', 'ignore_ament_install']
[0.281s] Level 1:colcon.colcon_core.package_identification:_identify(publish_stereo_pkg/build) by extension 'ignore'
[0.281s] Level 1:colcon.colcon_core.package_identification:_identify(publish_stereo_pkg/build) ignored
[0.281s] Level 1:colcon.colcon_core.package_identification:_identify(publish_stereo_pkg/install) by extensions ['ignore', 'ignore_ament_install']
[0.281s] Level 1:colcon.colcon_core.package_identification:_identify(publish_stereo_pkg/install) by extension 'ignore'
[0.281s] Level 1:colcon.colcon_core.package_identification:_identify(publish_stereo_pkg/install) ignored
[0.281s] Level 1:colcon.colcon_core.package_identification:_identify(publish_stereo_pkg/log) by extensions ['ignore', 'ignore_ament_install']
[0.281s] Level 1:colcon.colcon_core.package_identification:_identify(publish_stereo_pkg/log) by extension 'ignore'
[0.281s] Level 1:colcon.colcon_core.package_identification:_identify(publish_stereo_pkg/log) ignored
[0.282s] Level 1:colcon.colcon_core.package_identification:_identify(publish_stereo_pkg/src) by extensions ['ignore', 'ignore_ament_install']
[0.282s] Level 1:colcon.colcon_core.package_identification:_identify(publish_stereo_pkg/src) by extension 'ignore'
[0.282s] Level 1:colcon.colcon_core.package_identification:_identify(publish_stereo_pkg/src) by extension 'ignore_ament_install'
[0.282s] Level 1:colcon.colcon_core.package_identification:_identify(publish_stereo_pkg/src) by extensions ['colcon_pkg']
[0.282s] Level 1:colcon.colcon_core.package_identification:_identify(publish_stereo_pkg/src) by extension 'colcon_pkg'
[0.282s] Level 1:colcon.colcon_core.package_identification:_identify(publish_stereo_pkg/src) by extensions ['colcon_meta']
[0.282s] Level 1:colcon.colcon_core.package_identification:_identify(publish_stereo_pkg/src) by extension 'colcon_meta'
[0.282s] Level 1:colcon.colcon_core.package_identification:_identify(publish_stereo_pkg/src) by extensions ['ros']
[0.282s] Level 1:colcon.colcon_core.package_identification:_identify(publish_stereo_pkg/src) by extension 'ros'
[0.282s] Level 1:colcon.colcon_core.package_identification:_identify(publish_stereo_pkg/src) by extensions ['cmake', 'python']
[0.282s] Level 1:colcon.colcon_core.package_identification:_identify(publish_stereo_pkg/src) by extension 'cmake'
[0.282s] Level 1:colcon.colcon_core.package_identification:_identify(publish_stereo_pkg/src) by extension 'python'
[0.282s] Level 1:colcon.colcon_core.package_identification:_identify(publish_stereo_pkg/src) by extensions ['python_setup_py']
[0.282s] Level 1:colcon.colcon_core.package_identification:_identify(publish_stereo_pkg/src) by extension 'python_setup_py'
[0.282s] Level 1:colcon.colcon_core.package_identification:_identify(publish_stereo_pkg/src/publish_stereo) by extensions ['ignore', 'ignore_ament_install']
[0.282s] Level 1:colcon.colcon_core.package_identification:_identify(publish_stereo_pkg/src/publish_stereo) by extension 'ignore'
[0.282s] Level 1:colcon.colcon_core.package_identification:_identify(publish_stereo_pkg/src/publish_stereo) by extension 'ignore_ament_install'
[0.282s] Level 1:colcon.colcon_core.package_identification:_identify(publish_stereo_pkg/src/publish_stereo) by extensions ['colcon_pkg']
[0.282s] Level 1:colcon.colcon_core.package_identification:_identify(publish_stereo_pkg/src/publish_stereo) by extension 'colcon_pkg'
[0.282s] Level 1:colcon.colcon_core.package_identification:_identify(publish_stereo_pkg/src/publish_stereo) by extensions ['colcon_meta']
[0.282s] Level 1:colcon.colcon_core.package_identification:_identify(publish_stereo_pkg/src/publish_stereo) by extension 'colcon_meta'
[0.282s] Level 1:colcon.colcon_core.package_identification:_identify(publish_stereo_pkg/src/publish_stereo) by extensions ['ros']
[0.282s] Level 1:colcon.colcon_core.package_identification:_identify(publish_stereo_pkg/src/publish_stereo) by extension 'ros'
[0.283s] DEBUG:colcon.colcon_core.package_identification:Package 'publish_stereo_pkg/src/publish_stereo' with type 'ros.ament_python' and name 'publish_stereo'
[0.283s] Level 1:colcon.colcon_core.package_identification:_identify(record_camera) by extensions ['ignore', 'ignore_ament_install']
[0.283s] Level 1:colcon.colcon_core.package_identification:_identify(record_camera) by extension 'ignore'
[0.283s] Level 1:colcon.colcon_core.package_identification:_identify(record_camera) by extension 'ignore_ament_install'
[0.283s] Level 1:colcon.colcon_core.package_identification:_identify(record_camera) by extensions ['colcon_pkg']
[0.283s] Level 1:colcon.colcon_core.package_identification:_identify(record_camera) by extension 'colcon_pkg'
[0.283s] Level 1:colcon.colcon_core.package_identification:_identify(record_camera) by extensions ['colcon_meta']
[0.283s] Level 1:colcon.colcon_core.package_identification:_identify(record_camera) by extension 'colcon_meta'
[0.283s] Level 1:colcon.colcon_core.package_identification:_identify(record_camera) by extensions ['ros']
[0.283s] Level 1:colcon.colcon_core.package_identification:_identify(record_camera) by extension 'ros'
[0.283s] Level 1:colcon.colcon_core.package_identification:_identify(record_camera) by extensions ['cmake', 'python']
[0.283s] Level 1:colcon.colcon_core.package_identification:_identify(record_camera) by extension 'cmake'
[0.284s] Level 1:colcon.colcon_core.package_identification:_identify(record_camera) by extension 'python'
[0.284s] Level 1:colcon.colcon_core.package_identification:_identify(record_camera) by extensions ['python_setup_py']
[0.284s] Level 1:colcon.colcon_core.package_identification:_identify(record_camera) by extension 'python_setup_py'
[0.284s] Level 1:colcon.colcon_core.package_identification:_identify(record_camera/build) by extensions ['ignore', 'ignore_ament_install']
[0.284s] Level 1:colcon.colcon_core.package_identification:_identify(record_camera/build) by extension 'ignore'
[0.284s] Level 1:colcon.colcon_core.package_identification:_identify(record_camera/build) ignored
[0.285s] Level 1:colcon.colcon_core.package_identification:_identify(record_camera/install) by extensions ['ignore', 'ignore_ament_install']
[0.285s] Level 1:colcon.colcon_core.package_identification:_identify(record_camera/install) by extension 'ignore'
[0.285s] Level 1:colcon.colcon_core.package_identification:_identify(record_camera/install) ignored
[0.285s] Level 1:colcon.colcon_core.package_identification:_identify(record_camera/log) by extensions ['ignore', 'ignore_ament_install']
[0.285s] Level 1:colcon.colcon_core.package_identification:_identify(record_camera/log) by extension 'ignore'
[0.285s] Level 1:colcon.colcon_core.package_identification:_identify(record_camera/log) ignored
[0.286s] Level 1:colcon.colcon_core.package_identification:_identify(record_camera/src) by extensions ['ignore', 'ignore_ament_install']
[0.286s] Level 1:colcon.colcon_core.package_identification:_identify(record_camera/src) by extension 'ignore'
[0.286s] Level 1:colcon.colcon_core.package_identification:_identify(record_camera/src) by extension 'ignore_ament_install'
[0.286s] Level 1:colcon.colcon_core.package_identification:_identify(record_camera/src) by extensions ['colcon_pkg']
[0.286s] Level 1:colcon.colcon_core.package_identification:_identify(record_camera/src) by extension 'colcon_pkg'
[0.286s] Level 1:colcon.colcon_core.package_identification:_identify(record_camera/src) by extensions ['colcon_meta']
[0.286s] Level 1:colcon.colcon_core.package_identification:_identify(record_camera/src) by extension 'colcon_meta'
[0.286s] Level 1:colcon.colcon_core.package_identification:_identify(record_camera/src) by extensions ['ros']
[0.286s] Level 1:colcon.colcon_core.package_identification:_identify(record_camera/src) by extension 'ros'
[0.286s] Level 1:colcon.colcon_core.package_identification:_identify(record_camera/src) by extensions ['cmake', 'python']
[0.286s] Level 1:colcon.colcon_core.package_identification:_identify(record_camera/src) by extension 'cmake'
[0.286s] Level 1:colcon.colcon_core.package_identification:_identify(record_camera/src) by extension 'python'
[0.286s] Level 1:colcon.colcon_core.package_identification:_identify(record_camera/src) by extensions ['python_setup_py']
[0.287s] Level 1:colcon.colcon_core.package_identification:_identify(record_camera/src) by extension 'python_setup_py'
[0.287s] Level 1:colcon.colcon_core.package_identification:_identify(record_camera/src/camera) by extensions ['ignore', 'ignore_ament_install']
[0.287s] Level 1:colcon.colcon_core.package_identification:_identify(record_camera/src/camera) by extension 'ignore'
[0.287s] Level 1:colcon.colcon_core.package_identification:_identify(record_camera/src/camera) by extension 'ignore_ament_install'
[0.287s] Level 1:colcon.colcon_core.package_identification:_identify(record_camera/src/camera) by extensions ['colcon_pkg']
[0.287s] Level 1:colcon.colcon_core.package_identification:_identify(record_camera/src/camera) by extension 'colcon_pkg'
[0.287s] Level 1:colcon.colcon_core.package_identification:_identify(record_camera/src/camera) by extensions ['colcon_meta']
[0.287s] Level 1:colcon.colcon_core.package_identification:_identify(record_camera/src/camera) by extension 'colcon_meta'
[0.287s] Level 1:colcon.colcon_core.package_identification:_identify(record_camera/src/camera) by extensions ['ros']
[0.287s] Level 1:colcon.colcon_core.package_identification:_identify(record_camera/src/camera) by extension 'ros'
[0.288s] DEBUG:colcon.colcon_core.package_identification:Package 'record_camera/src/camera' with type 'ros.ament_python' and name 'camera'
[0.289s] Level 1:colcon.colcon_core.package_identification:_identify(robot_interface) by extensions ['ignore', 'ignore_ament_install']
[0.289s] Level 1:colcon.colcon_core.package_identification:_identify(robot_interface) by extension 'ignore'
[0.289s] Level 1:colcon.colcon_core.package_identification:_identify(robot_interface) by extension 'ignore_ament_install'
[0.289s] Level 1:colcon.colcon_core.package_identification:_identify(robot_interface) by extensions ['colcon_pkg']
[0.289s] Level 1:colcon.colcon_core.package_identification:_identify(robot_interface) by extension 'colcon_pkg'
[0.289s] Level 1:colcon.colcon_core.package_identification:_identify(robot_interface) by extensions ['colcon_meta']
[0.289s] Level 1:colcon.colcon_core.package_identification:_identify(robot_interface) by extension 'colcon_meta'
[0.289s] Level 1:colcon.colcon_core.package_identification:_identify(robot_interface) by extensions ['ros']
[0.289s] Level 1:colcon.colcon_core.package_identification:_identify(robot_interface) by extension 'ros'
[0.289s] Level 1:colcon.colcon_core.package_identification:_identify(robot_interface) by extensions ['cmake', 'python']
[0.289s] Level 1:colcon.colcon_core.package_identification:_identify(robot_interface) by extension 'cmake'
[0.289s] Level 1:colcon.colcon_core.package_identification:_identify(robot_interface) by extension 'python'
[0.289s] Level 1:colcon.colcon_core.package_identification:_identify(robot_interface) by extensions ['python_setup_py']
[0.289s] Level 1:colcon.colcon_core.package_identification:_identify(robot_interface) by extension 'python_setup_py'
[0.290s] Level 1:colcon.colcon_core.package_identification:_identify(robot_interface/build) by extensions ['ignore', 'ignore_ament_install']
[0.290s] Level 1:colcon.colcon_core.package_identification:_identify(robot_interface/build) by extension 'ignore'
[0.290s] Level 1:colcon.colcon_core.package_identification:_identify(robot_interface/build) ignored
[0.290s] Level 1:colcon.colcon_core.package_identification:_identify(robot_interface/install) by extensions ['ignore', 'ignore_ament_install']
[0.290s] Level 1:colcon.colcon_core.package_identification:_identify(robot_interface/install) by extension 'ignore'
[0.290s] Level 1:colcon.colcon_core.package_identification:_identify(robot_interface/install) ignored
[0.290s] Level 1:colcon.colcon_core.package_identification:_identify(robot_interface/log) by extensions ['ignore', 'ignore_ament_install']
[0.291s] Level 1:colcon.colcon_core.package_identification:_identify(robot_interface/log) by extension 'ignore'
[0.291s] Level 1:colcon.colcon_core.package_identification:_identify(robot_interface/log) ignored
[0.291s] Level 1:colcon.colcon_core.package_identification:_identify(robot_interface/src) by extensions ['ignore', 'ignore_ament_install']
[0.291s] Level 1:colcon.colcon_core.package_identification:_identify(robot_interface/src) by extension 'ignore'
[0.291s] Level 1:colcon.colcon_core.package_identification:_identify(robot_interface/src) by extension 'ignore_ament_install'
[0.291s] Level 1:colcon.colcon_core.package_identification:_identify(robot_interface/src) by extensions ['colcon_pkg']
[0.291s] Level 1:colcon.colcon_core.package_identification:_identify(robot_interface/src) by extension 'colcon_pkg'
[0.291s] Level 1:colcon.colcon_core.package_identification:_identify(robot_interface/src) by extensions ['colcon_meta']
[0.291s] Level 1:colcon.colcon_core.package_identification:_identify(robot_interface/src) by extension 'colcon_meta'
[0.291s] Level 1:colcon.colcon_core.package_identification:_identify(robot_interface/src) by extensions ['ros']
[0.291s] Level 1:colcon.colcon_core.package_identification:_identify(robot_interface/src) by extension 'ros'
[0.291s] Level 1:colcon.colcon_core.package_identification:_identify(robot_interface/src) by extensions ['cmake', 'python']
[0.291s] Level 1:colcon.colcon_core.package_identification:_identify(robot_interface/src) by extension 'cmake'
[0.291s] Level 1:colcon.colcon_core.package_identification:_identify(robot_interface/src) by extension 'python'
[0.291s] Level 1:colcon.colcon_core.package_identification:_identify(robot_interface/src) by extensions ['python_setup_py']
[0.292s] Level 1:colcon.colcon_core.package_identification:_identify(robot_interface/src) by extension 'python_setup_py'
[0.292s] Level 1:colcon.colcon_core.package_identification:_identify(robot_interface/src/hunter_ros2) by extensions ['ignore', 'ignore_ament_install']
[0.292s] Level 1:colcon.colcon_core.package_identification:_identify(robot_interface/src/hunter_ros2) by extension 'ignore'
[0.292s] Level 1:colcon.colcon_core.package_identification:_identify(robot_interface/src/hunter_ros2) by extension 'ignore_ament_install'
[0.292s] Level 1:colcon.colcon_core.package_identification:_identify(robot_interface/src/hunter_ros2) by extensions ['colcon_pkg']
[0.292s] Level 1:colcon.colcon_core.package_identification:_identify(robot_interface/src/hunter_ros2) by extension 'colcon_pkg'
[0.292s] Level 1:colcon.colcon_core.package_identification:_identify(robot_interface/src/hunter_ros2) by extensions ['colcon_meta']
[0.292s] Level 1:colcon.colcon_core.package_identification:_identify(robot_interface/src/hunter_ros2) by extension 'colcon_meta'
[0.292s] Level 1:colcon.colcon_core.package_identification:_identify(robot_interface/src/hunter_ros2) by extensions ['ros']
[0.292s] Level 1:colcon.colcon_core.package_identification:_identify(robot_interface/src/hunter_ros2) by extension 'ros'
[0.292s] Level 1:colcon.colcon_core.package_identification:_identify(robot_interface/src/hunter_ros2) by extensions ['cmake', 'python']
[0.292s] Level 1:colcon.colcon_core.package_identification:_identify(robot_interface/src/hunter_ros2) by extension 'cmake'
[0.293s] Level 1:colcon.colcon_core.package_identification:_identify(robot_interface/src/hunter_ros2) by extension 'python'
[0.293s] Level 1:colcon.colcon_core.package_identification:_identify(robot_interface/src/hunter_ros2) by extensions ['python_setup_py']
[0.293s] Level 1:colcon.colcon_core.package_identification:_identify(robot_interface/src/hunter_ros2) by extension 'python_setup_py'
[0.293s] Level 1:colcon.colcon_core.package_identification:_identify(robot_interface/src/hunter_ros2/hunter_base) by extensions ['ignore', 'ignore_ament_install']
[0.293s] Level 1:colcon.colcon_core.package_identification:_identify(robot_interface/src/hunter_ros2/hunter_base) by extension 'ignore'
[0.293s] Level 1:colcon.colcon_core.package_identification:_identify(robot_interface/src/hunter_ros2/hunter_base) by extension 'ignore_ament_install'
[0.293s] Level 1:colcon.colcon_core.package_identification:_identify(robot_interface/src/hunter_ros2/hunter_base) by extensions ['colcon_pkg']
[0.293s] Level 1:colcon.colcon_core.package_identification:_identify(robot_interface/src/hunter_ros2/hunter_base) by extension 'colcon_pkg'
[0.293s] Level 1:colcon.colcon_core.package_identification:_identify(robot_interface/src/hunter_ros2/hunter_base) by extensions ['colcon_meta']
[0.293s] Level 1:colcon.colcon_core.package_identification:_identify(robot_interface/src/hunter_ros2/hunter_base) by extension 'colcon_meta'
[0.293s] Level 1:colcon.colcon_core.package_identification:_identify(robot_interface/src/hunter_ros2/hunter_base) by extensions ['ros']
[0.293s] Level 1:colcon.colcon_core.package_identification:_identify(robot_interface/src/hunter_ros2/hunter_base) by extension 'ros'
[0.295s] DEBUG:colcon.colcon_core.package_identification:Package 'robot_interface/src/hunter_ros2/hunter_base' with type 'ros.ament_cmake' and name 'hunter_base'
[0.296s] Level 1:colcon.colcon_core.package_identification:_identify(robot_interface/src/hunter_ros2/hunter_msgs) by extensions ['ignore', 'ignore_ament_install']
[0.296s] Level 1:colcon.colcon_core.package_identification:_identify(robot_interface/src/hunter_ros2/hunter_msgs) by extension 'ignore'
[0.296s] Level 1:colcon.colcon_core.package_identification:_identify(robot_interface/src/hunter_ros2/hunter_msgs) by extension 'ignore_ament_install'
[0.296s] Level 1:colcon.colcon_core.package_identification:_identify(robot_interface/src/hunter_ros2/hunter_msgs) by extensions ['colcon_pkg']
[0.296s] Level 1:colcon.colcon_core.package_identification:_identify(robot_interface/src/hunter_ros2/hunter_msgs) by extension 'colcon_pkg'
[0.296s] Level 1:colcon.colcon_core.package_identification:_identify(robot_interface/src/hunter_ros2/hunter_msgs) by extensions ['colcon_meta']
[0.296s] Level 1:colcon.colcon_core.package_identification:_identify(robot_interface/src/hunter_ros2/hunter_msgs) by extension 'colcon_meta'
[0.296s] Level 1:colcon.colcon_core.package_identification:_identify(robot_interface/src/hunter_ros2/hunter_msgs) by extensions ['ros']
[0.296s] Level 1:colcon.colcon_core.package_identification:_identify(robot_interface/src/hunter_ros2/hunter_msgs) by extension 'ros'
[0.297s] DEBUG:colcon.colcon_core.package_identification:Package 'robot_interface/src/hunter_ros2/hunter_msgs' with type 'ros.ament_cmake' and name 'hunter_msgs'
[0.297s] Level 1:colcon.colcon_core.package_identification:_identify(robot_interface/src/ugv_sdk) by extensions ['ignore', 'ignore_ament_install']
[0.297s] Level 1:colcon.colcon_core.package_identification:_identify(robot_interface/src/ugv_sdk) by extension 'ignore'
[0.297s] Level 1:colcon.colcon_core.package_identification:_identify(robot_interface/src/ugv_sdk) by extension 'ignore_ament_install'
[0.297s] Level 1:colcon.colcon_core.package_identification:_identify(robot_interface/src/ugv_sdk) by extensions ['colcon_pkg']
[0.297s] Level 1:colcon.colcon_core.package_identification:_identify(robot_interface/src/ugv_sdk) by extension 'colcon_pkg'
[0.297s] Level 1:colcon.colcon_core.package_identification:_identify(robot_interface/src/ugv_sdk) by extensions ['colcon_meta']
[0.297s] Level 1:colcon.colcon_core.package_identification:_identify(robot_interface/src/ugv_sdk) by extension 'colcon_meta'
[0.297s] Level 1:colcon.colcon_core.package_identification:_identify(robot_interface/src/ugv_sdk) by extensions ['ros']
[0.298s] Level 1:colcon.colcon_core.package_identification:_identify(robot_interface/src/ugv_sdk) by extension 'ros'
[0.298s] DEBUG:colcon.colcon_core.package_identification:Package 'robot_interface/src/ugv_sdk' with type 'ros.catkin' and name 'ugv_sdk'
[0.298s] Level 1:colcon.colcon_core.package_identification:_identify(robot_interface/src/wheel_odometry) by extensions ['ignore', 'ignore_ament_install']
[0.298s] Level 1:colcon.colcon_core.package_identification:_identify(robot_interface/src/wheel_odometry) by extension 'ignore'
[0.298s] Level 1:colcon.colcon_core.package_identification:_identify(robot_interface/src/wheel_odometry) by extension 'ignore_ament_install'
[0.298s] Level 1:colcon.colcon_core.package_identification:_identify(robot_interface/src/wheel_odometry) by extensions ['colcon_pkg']
[0.298s] Level 1:colcon.colcon_core.package_identification:_identify(robot_interface/src/wheel_odometry) by extension 'colcon_pkg'
[0.298s] Level 1:colcon.colcon_core.package_identification:_identify(robot_interface/src/wheel_odometry) by extensions ['colcon_meta']
[0.298s] Level 1:colcon.colcon_core.package_identification:_identify(robot_interface/src/wheel_odometry) by extension 'colcon_meta'
[0.298s] Level 1:colcon.colcon_core.package_identification:_identify(robot_interface/src/wheel_odometry) by extensions ['ros']
[0.298s] Level 1:colcon.colcon_core.package_identification:_identify(robot_interface/src/wheel_odometry) by extension 'ros'
[0.299s] DEBUG:colcon.colcon_core.package_identification:Package 'robot_interface/src/wheel_odometry' with type 'ros.ament_python' and name 'wheel_odometry'
[0.300s] Level 1:colcon.colcon_core.package_identification:_identify(simulated_robot) by extensions ['ignore', 'ignore_ament_install']
[0.300s] Level 1:colcon.colcon_core.package_identification:_identify(simulated_robot) by extension 'ignore'
[0.300s] Level 1:colcon.colcon_core.package_identification:_identify(simulated_robot) by extension 'ignore_ament_install'
[0.300s] Level 1:colcon.colcon_core.package_identification:_identify(simulated_robot) by extensions ['colcon_pkg']
[0.300s] Level 1:colcon.colcon_core.package_identification:_identify(simulated_robot) by extension 'colcon_pkg'
[0.300s] Level 1:colcon.colcon_core.package_identification:_identify(simulated_robot) by extensions ['colcon_meta']
[0.300s] Level 1:colcon.colcon_core.package_identification:_identify(simulated_robot) by extension 'colcon_meta'
[0.300s] Level 1:colcon.colcon_core.package_identification:_identify(simulated_robot) by extensions ['ros']
[0.300s] Level 1:colcon.colcon_core.package_identification:_identify(simulated_robot) by extension 'ros'
[0.300s] Level 1:colcon.colcon_core.package_identification:_identify(simulated_robot) by extensions ['cmake', 'python']
[0.300s] Level 1:colcon.colcon_core.package_identification:_identify(simulated_robot) by extension 'cmake'
[0.300s] Level 1:colcon.colcon_core.package_identification:_identify(simulated_robot) by extension 'python'
[0.300s] Level 1:colcon.colcon_core.package_identification:_identify(simulated_robot) by extensions ['python_setup_py']
[0.300s] Level 1:colcon.colcon_core.package_identification:_identify(simulated_robot) by extension 'python_setup_py'
[0.300s] Level 1:colcon.colcon_core.package_identification:_identify(simulated_robot/build) by extensions ['ignore', 'ignore_ament_install']
[0.300s] Level 1:colcon.colcon_core.package_identification:_identify(simulated_robot/build) by extension 'ignore'
[0.300s] Level 1:colcon.colcon_core.package_identification:_identify(simulated_robot/build) ignored
[0.300s] Level 1:colcon.colcon_core.package_identification:_identify(simulated_robot/install) by extensions ['ignore', 'ignore_ament_install']
[0.300s] Level 1:colcon.colcon_core.package_identification:_identify(simulated_robot/install) by extension 'ignore'
[0.300s] Level 1:colcon.colcon_core.package_identification:_identify(simulated_robot/install) ignored
[0.300s] Level 1:colcon.colcon_core.package_identification:_identify(simulated_robot/log) by extensions ['ignore', 'ignore_ament_install']
[0.300s] Level 1:colcon.colcon_core.package_identification:_identify(simulated_robot/log) by extension 'ignore'
[0.301s] Level 1:colcon.colcon_core.package_identification:_identify(simulated_robot/log) ignored
[0.301s] Level 1:colcon.colcon_core.package_identification:_identify(simulated_robot/src) by extensions ['ignore', 'ignore_ament_install']
[0.301s] Level 1:colcon.colcon_core.package_identification:_identify(simulated_robot/src) by extension 'ignore'
[0.301s] Level 1:colcon.colcon_core.package_identification:_identify(simulated_robot/src) by extension 'ignore_ament_install'
[0.301s] Level 1:colcon.colcon_core.package_identification:_identify(simulated_robot/src) by extensions ['colcon_pkg']
[0.301s] Level 1:colcon.colcon_core.package_identification:_identify(simulated_robot/src) by extension 'colcon_pkg'
[0.301s] Level 1:colcon.colcon_core.package_identification:_identify(simulated_robot/src) by extensions ['colcon_meta']
[0.301s] Level 1:colcon.colcon_core.package_identification:_identify(simulated_robot/src) by extension 'colcon_meta'
[0.301s] Level 1:colcon.colcon_core.package_identification:_identify(simulated_robot/src) by extensions ['ros']
[0.301s] Level 1:colcon.colcon_core.package_identification:_identify(simulated_robot/src) by extension 'ros'
[0.301s] Level 1:colcon.colcon_core.package_identification:_identify(simulated_robot/src) by extensions ['cmake', 'python']
[0.301s] Level 1:colcon.colcon_core.package_identification:_identify(simulated_robot/src) by extension 'cmake'
[0.301s] Level 1:colcon.colcon_core.package_identification:_identify(simulated_robot/src) by extension 'python'
[0.301s] Level 1:colcon.colcon_core.package_identification:_identify(simulated_robot/src) by extensions ['python_setup_py']
[0.301s] Level 1:colcon.colcon_core.package_identification:_identify(simulated_robot/src) by extension 'python_setup_py'
[0.301s] Level 1:colcon.colcon_core.package_identification:_identify(simulated_robot/src/hunter_ros2) by extensions ['ignore', 'ignore_ament_install']
[0.301s] Level 1:colcon.colcon_core.package_identification:_identify(simulated_robot/src/hunter_ros2) by extension 'ignore'
[0.301s] Level 1:colcon.colcon_core.package_identification:_identify(simulated_robot/src/hunter_ros2) by extension 'ignore_ament_install'
[0.301s] Level 1:colcon.colcon_core.package_identification:_identify(simulated_robot/src/hunter_ros2) by extensions ['colcon_pkg']
[0.302s] Level 1:colcon.colcon_core.package_identification:_identify(simulated_robot/src/hunter_ros2) by extension 'colcon_pkg'
[0.302s] Level 1:colcon.colcon_core.package_identification:_identify(simulated_robot/src/hunter_ros2) by extensions ['colcon_meta']
[0.302s] Level 1:colcon.colcon_core.package_identification:_identify(simulated_robot/src/hunter_ros2) by extension 'colcon_meta'
[0.302s] Level 1:colcon.colcon_core.package_identification:_identify(simulated_robot/src/hunter_ros2) by extensions ['ros']
[0.302s] Level 1:colcon.colcon_core.package_identification:_identify(simulated_robot/src/hunter_ros2) by extension 'ros'
[0.302s] Level 1:colcon.colcon_core.package_identification:_identify(simulated_robot/src/hunter_ros2) by extensions ['cmake', 'python']
[0.302s] Level 1:colcon.colcon_core.package_identification:_identify(simulated_robot/src/hunter_ros2) by extension 'cmake'
[0.302s] Level 1:colcon.colcon_core.package_identification:_identify(simulated_robot/src/hunter_ros2) by extension 'python'
[0.302s] Level 1:colcon.colcon_core.package_identification:_identify(simulated_robot/src/hunter_ros2) by extensions ['python_setup_py']
[0.302s] Level 1:colcon.colcon_core.package_identification:_identify(simulated_robot/src/hunter_ros2) by extension 'python_setup_py'
[0.302s] Level 1:colcon.colcon_core.package_identification:_identify(simulated_robot/src/hunter_ros2/hunter_base) by extensions ['ignore', 'ignore_ament_install']
[0.302s] Level 1:colcon.colcon_core.package_identification:_identify(simulated_robot/src/hunter_ros2/hunter_base) by extension 'ignore'
[0.302s] Level 1:colcon.colcon_core.package_identification:_identify(simulated_robot/src/hunter_ros2/hunter_base) by extension 'ignore_ament_install'
[0.302s] Level 1:colcon.colcon_core.package_identification:_identify(simulated_robot/src/hunter_ros2/hunter_base) by extensions ['colcon_pkg']
[0.302s] Level 1:colcon.colcon_core.package_identification:_identify(simulated_robot/src/hunter_ros2/hunter_base) by extension 'colcon_pkg'
[0.302s] Level 1:colcon.colcon_core.package_identification:_identify(simulated_robot/src/hunter_ros2/hunter_base) by extensions ['colcon_meta']
[0.302s] Level 1:colcon.colcon_core.package_identification:_identify(simulated_robot/src/hunter_ros2/hunter_base) by extension 'colcon_meta'
[0.302s] Level 1:colcon.colcon_core.package_identification:_identify(simulated_robot/src/hunter_ros2/hunter_base) by extensions ['ros']
[0.302s] Level 1:colcon.colcon_core.package_identification:_identify(simulated_robot/src/hunter_ros2/hunter_base) by extension 'ros'
[0.303s] DEBUG:colcon.colcon_core.package_identification:Package 'simulated_robot/src/hunter_ros2/hunter_base' with type 'ros.ament_cmake' and name 'hunter_base'
[0.303s] Level 1:colcon.colcon_core.package_identification:_identify(simulated_robot/src/hunter_ros2/hunter_msgs) by extensions ['ignore', 'ignore_ament_install']
[0.303s] Level 1:colcon.colcon_core.package_identification:_identify(simulated_robot/src/hunter_ros2/hunter_msgs) by extension 'ignore'
[0.303s] Level 1:colcon.colcon_core.package_identification:_identify(simulated_robot/src/hunter_ros2/hunter_msgs) by extension 'ignore_ament_install'
[0.303s] Level 1:colcon.colcon_core.package_identification:_identify(simulated_robot/src/hunter_ros2/hunter_msgs) by extensions ['colcon_pkg']
[0.303s] Level 1:colcon.colcon_core.package_identification:_identify(simulated_robot/src/hunter_ros2/hunter_msgs) by extension 'colcon_pkg'
[0.303s] Level 1:colcon.colcon_core.package_identification:_identify(simulated_robot/src/hunter_ros2/hunter_msgs) by extensions ['colcon_meta']
[0.303s] Level 1:colcon.colcon_core.package_identification:_identify(simulated_robot/src/hunter_ros2/hunter_msgs) by extension 'colcon_meta'
[0.303s] Level 1:colcon.colcon_core.package_identification:_identify(simulated_robot/src/hunter_ros2/hunter_msgs) by extensions ['ros']
[0.303s] Level 1:colcon.colcon_core.package_identification:_identify(simulated_robot/src/hunter_ros2/hunter_msgs) by extension 'ros'
[0.304s] DEBUG:colcon.colcon_core.package_identification:Package 'simulated_robot/src/hunter_ros2/hunter_msgs' with type 'ros.ament_cmake' and name 'hunter_msgs'
[0.304s] Level 1:colcon.colcon_core.package_identification:_identify(simulated_robot/src/ugv_sdk) by extensions ['ignore', 'ignore_ament_install']
[0.304s] Level 1:colcon.colcon_core.package_identification:_identify(simulated_robot/src/ugv_sdk) by extension 'ignore'
[0.304s] Level 1:colcon.colcon_core.package_identification:_identify(simulated_robot/src/ugv_sdk) by extension 'ignore_ament_install'
[0.304s] Level 1:colcon.colcon_core.package_identification:_identify(simulated_robot/src/ugv_sdk) by extensions ['colcon_pkg']
[0.304s] Level 1:colcon.colcon_core.package_identification:_identify(simulated_robot/src/ugv_sdk) by extension 'colcon_pkg'
[0.304s] Level 1:colcon.colcon_core.package_identification:_identify(simulated_robot/src/ugv_sdk) by extensions ['colcon_meta']
[0.304s] Level 1:colcon.colcon_core.package_identification:_identify(simulated_robot/src/ugv_sdk) by extension 'colcon_meta'
[0.304s] Level 1:colcon.colcon_core.package_identification:_identify(simulated_robot/src/ugv_sdk) by extensions ['ros']
[0.304s] Level 1:colcon.colcon_core.package_identification:_identify(simulated_robot/src/ugv_sdk) by extension 'ros'
[0.305s] DEBUG:colcon.colcon_core.package_identification:Package 'simulated_robot/src/ugv_sdk' with type 'ros.catkin' and name 'ugv_sdk'
[0.305s] Level 1:colcon.colcon_core.package_identification:_identify(slam_sim) by extensions ['ignore', 'ignore_ament_install']
[0.305s] Level 1:colcon.colcon_core.package_identification:_identify(slam_sim) by extension 'ignore'
[0.305s] Level 1:colcon.colcon_core.package_identification:_identify(slam_sim) by extension 'ignore_ament_install'
[0.305s] Level 1:colcon.colcon_core.package_identification:_identify(slam_sim) by extensions ['colcon_pkg']
[0.305s] Level 1:colcon.colcon_core.package_identification:_identify(slam_sim) by extension 'colcon_pkg'
[0.305s] Level 1:colcon.colcon_core.package_identification:_identify(slam_sim) by extensions ['colcon_meta']
[0.305s] Level 1:colcon.colcon_core.package_identification:_identify(slam_sim) by extension 'colcon_meta'
[0.305s] Level 1:colcon.colcon_core.package_identification:_identify(slam_sim) by extensions ['ros']
[0.305s] Level 1:colcon.colcon_core.package_identification:_identify(slam_sim) by extension 'ros'
[0.305s] Level 1:colcon.colcon_core.package_identification:_identify(slam_sim) by extensions ['cmake', 'python']
[0.305s] Level 1:colcon.colcon_core.package_identification:_identify(slam_sim) by extension 'cmake'
[0.305s] Level 1:colcon.colcon_core.package_identification:_identify(slam_sim) by extension 'python'
[0.305s] Level 1:colcon.colcon_core.package_identification:_identify(slam_sim) by extensions ['python_setup_py']
[0.305s] Level 1:colcon.colcon_core.package_identification:_identify(slam_sim) by extension 'python_setup_py'
[0.305s] Level 1:colcon.colcon_core.package_identification:_identify(slam_sim/build) by extensions ['ignore', 'ignore_ament_install']
[0.306s] Level 1:colcon.colcon_core.package_identification:_identify(slam_sim/build) by extension 'ignore'
[0.306s] Level 1:colcon.colcon_core.package_identification:_identify(slam_sim/build) ignored
[0.306s] Level 1:colcon.colcon_core.package_identification:_identify(slam_sim/install) by extensions ['ignore', 'ignore_ament_install']
[0.306s] Level 1:colcon.colcon_core.package_identification:_identify(slam_sim/install) by extension 'ignore'
[0.306s] Level 1:colcon.colcon_core.package_identification:_identify(slam_sim/install) ignored
[0.306s] Level 1:colcon.colcon_core.package_identification:_identify(slam_sim/log) by extensions ['ignore', 'ignore_ament_install']
[0.306s] Level 1:colcon.colcon_core.package_identification:_identify(slam_sim/log) by extension 'ignore'
[0.306s] Level 1:colcon.colcon_core.package_identification:_identify(slam_sim/log) ignored
[0.306s] Level 1:colcon.colcon_core.package_identification:_identify(slam_sim/src) by extensions ['ignore', 'ignore_ament_install']
[0.306s] Level 1:colcon.colcon_core.package_identification:_identify(slam_sim/src) by extension 'ignore'
[0.306s] Level 1:colcon.colcon_core.package_identification:_identify(slam_sim/src) by extension 'ignore_ament_install'
[0.306s] Level 1:colcon.colcon_core.package_identification:_identify(slam_sim/src) by extensions ['colcon_pkg']
[0.306s] Level 1:colcon.colcon_core.package_identification:_identify(slam_sim/src) by extension 'colcon_pkg'
[0.306s] Level 1:colcon.colcon_core.package_identification:_identify(slam_sim/src) by extensions ['colcon_meta']
[0.306s] Level 1:colcon.colcon_core.package_identification:_identify(slam_sim/src) by extension 'colcon_meta'
[0.306s] Level 1:colcon.colcon_core.package_identification:_identify(slam_sim/src) by extensions ['ros']
[0.306s] Level 1:colcon.colcon_core.package_identification:_identify(slam_sim/src) by extension 'ros'
[0.306s] Level 1:colcon.colcon_core.package_identification:_identify(slam_sim/src) by extensions ['cmake', 'python']
[0.306s] Level 1:colcon.colcon_core.package_identification:_identify(slam_sim/src) by extension 'cmake'
[0.306s] Level 1:colcon.colcon_core.package_identification:_identify(slam_sim/src) by extension 'python'
[0.306s] Level 1:colcon.colcon_core.package_identification:_identify(slam_sim/src) by extensions ['python_setup_py']
[0.306s] Level 1:colcon.colcon_core.package_identification:_identify(slam_sim/src) by extension 'python_setup_py'
[0.306s] Level 1:colcon.colcon_core.package_identification:_identify(slam_sim/src/slam) by extensions ['ignore', 'ignore_ament_install']
[0.306s] Level 1:colcon.colcon_core.package_identification:_identify(slam_sim/src/slam) by extension 'ignore'
[0.306s] Level 1:colcon.colcon_core.package_identification:_identify(slam_sim/src/slam) by extension 'ignore_ament_install'
[0.306s] Level 1:colcon.colcon_core.package_identification:_identify(slam_sim/src/slam) by extensions ['colcon_pkg']
[0.307s] Level 1:colcon.colcon_core.package_identification:_identify(slam_sim/src/slam) by extension 'colcon_pkg'
[0.307s] Level 1:colcon.colcon_core.package_identification:_identify(slam_sim/src/slam) by extensions ['colcon_meta']
[0.307s] Level 1:colcon.colcon_core.package_identification:_identify(slam_sim/src/slam) by extension 'colcon_meta'
[0.307s] Level 1:colcon.colcon_core.package_identification:_identify(slam_sim/src/slam) by extensions ['ros']
[0.307s] Level 1:colcon.colcon_core.package_identification:_identify(slam_sim/src/slam) by extension 'ros'
[0.307s] DEBUG:colcon.colcon_core.package_identification:Package 'slam_sim/src/slam' with type 'ros.ament_cmake' and name 'slam'
[0.308s] Level 1:colcon.colcon_core.package_identification:_identify(wheel_odometry_gazebo_acker) by extensions ['ignore', 'ignore_ament_install']
[0.308s] Level 1:colcon.colcon_core.package_identification:_identify(wheel_odometry_gazebo_acker) by extension 'ignore'
[0.308s] Level 1:colcon.colcon_core.package_identification:_identify(wheel_odometry_gazebo_acker) by extension 'ignore_ament_install'
[0.308s] Level 1:colcon.colcon_core.package_identification:_identify(wheel_odometry_gazebo_acker) by extensions ['colcon_pkg']
[0.308s] Level 1:colcon.colcon_core.package_identification:_identify(wheel_odometry_gazebo_acker) by extension 'colcon_pkg'
[0.308s] Level 1:colcon.colcon_core.package_identification:_identify(wheel_odometry_gazebo_acker) by extensions ['colcon_meta']
[0.308s] Level 1:colcon.colcon_core.package_identification:_identify(wheel_odometry_gazebo_acker) by extension 'colcon_meta'
[0.308s] Level 1:colcon.colcon_core.package_identification:_identify(wheel_odometry_gazebo_acker) by extensions ['ros']
[0.308s] Level 1:colcon.colcon_core.package_identification:_identify(wheel_odometry_gazebo_acker) by extension 'ros'
[0.308s] Level 1:colcon.colcon_core.package_identification:_identify(wheel_odometry_gazebo_acker) by extensions ['cmake', 'python']
[0.308s] Level 1:colcon.colcon_core.package_identification:_identify(wheel_odometry_gazebo_acker) by extension 'cmake'
[0.308s] Level 1:colcon.colcon_core.package_identification:_identify(wheel_odometry_gazebo_acker) by extension 'python'
[0.308s] Level 1:colcon.colcon_core.package_identification:_identify(wheel_odometry_gazebo_acker) by extensions ['python_setup_py']
[0.308s] Level 1:colcon.colcon_core.package_identification:_identify(wheel_odometry_gazebo_acker) by extension 'python_setup_py'
[0.308s] Level 1:colcon.colcon_core.package_identification:_identify(wheel_odometry_gazebo_acker/build) by extensions ['ignore', 'ignore_ament_install']
[0.308s] Level 1:colcon.colcon_core.package_identification:_identify(wheel_odometry_gazebo_acker/build) by extension 'ignore'
[0.308s] Level 1:colcon.colcon_core.package_identification:_identify(wheel_odometry_gazebo_acker/build) ignored
[0.308s] Level 1:colcon.colcon_core.package_identification:_identify(wheel_odometry_gazebo_acker/install) by extensions ['ignore', 'ignore_ament_install']
[0.308s] Level 1:colcon.colcon_core.package_identification:_identify(wheel_odometry_gazebo_acker/install) by extension 'ignore'
[0.309s] Level 1:colcon.colcon_core.package_identification:_identify(wheel_odometry_gazebo_acker/install) ignored
[0.309s] Level 1:colcon.colcon_core.package_identification:_identify(wheel_odometry_gazebo_acker/log) by extensions ['ignore', 'ignore_ament_install']
[0.309s] Level 1:colcon.colcon_core.package_identification:_identify(wheel_odometry_gazebo_acker/log) by extension 'ignore'
[0.309s] Level 1:colcon.colcon_core.package_identification:_identify(wheel_odometry_gazebo_acker/log) ignored
[0.309s] Level 1:colcon.colcon_core.package_identification:_identify(wheel_odometry_gazebo_acker/src) by extensions ['ignore', 'ignore_ament_install']
[0.309s] Level 1:colcon.colcon_core.package_identification:_identify(wheel_odometry_gazebo_acker/src) by extension 'ignore'
[0.309s] Level 1:colcon.colcon_core.package_identification:_identify(wheel_odometry_gazebo_acker/src) by extension 'ignore_ament_install'
[0.309s] Level 1:colcon.colcon_core.package_identification:_identify(wheel_odometry_gazebo_acker/src) by extensions ['colcon_pkg']
[0.309s] Level 1:colcon.colcon_core.package_identification:_identify(wheel_odometry_gazebo_acker/src) by extension 'colcon_pkg'
[0.309s] Level 1:colcon.colcon_core.package_identification:_identify(wheel_odometry_gazebo_acker/src) by extensions ['colcon_meta']
[0.309s] Level 1:colcon.colcon_core.package_identification:_identify(wheel_odometry_gazebo_acker/src) by extension 'colcon_meta'
[0.309s] Level 1:colcon.colcon_core.package_identification:_identify(wheel_odometry_gazebo_acker/src) by extensions ['ros']
[0.309s] Level 1:colcon.colcon_core.package_identification:_identify(wheel_odometry_gazebo_acker/src) by extension 'ros'
[0.309s] Level 1:colcon.colcon_core.package_identification:_identify(wheel_odometry_gazebo_acker/src) by extensions ['cmake', 'python']
[0.309s] Level 1:colcon.colcon_core.package_identification:_identify(wheel_odometry_gazebo_acker/src) by extension 'cmake'
[0.309s] Level 1:colcon.colcon_core.package_identification:_identify(wheel_odometry_gazebo_acker/src) by extension 'python'
[0.309s] Level 1:colcon.colcon_core.package_identification:_identify(wheel_odometry_gazebo_acker/src) by extensions ['python_setup_py']
[0.309s] Level 1:colcon.colcon_core.package_identification:_identify(wheel_odometry_gazebo_acker/src) by extension 'python_setup_py'
[0.309s] Level 1:colcon.colcon_core.package_identification:_identify(wheel_odometry_gazebo_acker/src/wheel_odometry_gazebo_acker) by extensions ['ignore', 'ignore_ament_install']
[0.309s] Level 1:colcon.colcon_core.package_identification:_identify(wheel_odometry_gazebo_acker/src/wheel_odometry_gazebo_acker) by extension 'ignore'
[0.309s] Level 1:colcon.colcon_core.package_identification:_identify(wheel_odometry_gazebo_acker/src/wheel_odometry_gazebo_acker) by extension 'ignore_ament_install'
[0.309s] Level 1:colcon.colcon_core.package_identification:_identify(wheel_odometry_gazebo_acker/src/wheel_odometry_gazebo_acker) by extensions ['colcon_pkg']
[0.309s] Level 1:colcon.colcon_core.package_identification:_identify(wheel_odometry_gazebo_acker/src/wheel_odometry_gazebo_acker) by extension 'colcon_pkg'
[0.309s] Level 1:colcon.colcon_core.package_identification:_identify(wheel_odometry_gazebo_acker/src/wheel_odometry_gazebo_acker) by extensions ['colcon_meta']
[0.310s] Level 1:colcon.colcon_core.package_identification:_identify(wheel_odometry_gazebo_acker/src/wheel_odometry_gazebo_acker) by extension 'colcon_meta'
[0.310s] Level 1:colcon.colcon_core.package_identification:_identify(wheel_odometry_gazebo_acker/src/wheel_odometry_gazebo_acker) by extensions ['ros']
[0.310s] Level 1:colcon.colcon_core.package_identification:_identify(wheel_odometry_gazebo_acker/src/wheel_odometry_gazebo_acker) by extension 'ros'
[0.310s] DEBUG:colcon.colcon_core.package_identification:Package 'wheel_odometry_gazebo_acker/src/wheel_odometry_gazebo_acker' with type 'ros.ament_python' and name 'wheel_odometry_gazebo_acker'
[0.310s] Level 1:colcon.colcon_core.package_discovery:discover_packages(recursive) using defaults
[0.310s] Level 1:colcon.colcon_core.package_discovery:discover_packages(ignore) discover
[0.310s] Level 1:colcon.colcon_core.package_discovery:discover_packages(ignore) using defaults
[0.310s] Level 1:colcon.colcon_core.package_discovery:discover_packages(path) discover
[0.310s] Level 1:colcon.colcon_core.package_discovery:discover_packages(path) using defaults
[0.334s] Level 1:colcon.colcon_core.package_discovery:discover_packages(prefix_path) check parameters
[0.334s] Level 1:colcon.colcon_core.package_discovery:discover_packages(prefix_path) discover
[0.335s] DEBUG:colcon.colcon_installed_package_information.package_discovery:Found 390 installed packages in /opt/ros/humble
[0.337s] Level 1:colcon.colcon_core.package_discovery:discover_packages(prefix_path) using defaults
[0.366s] ERROR:colcon:colcon build: Duplicate package names not supported:
- hunter_base:
  - robot_interface/src/hunter_ros2/hunter_base
  - simulated_robot/src/hunter_ros2/hunter_base
- hunter_msgs:
  - robot_interface/src/hunter_ros2/hunter_msgs
  - simulated_robot/src/hunter_ros2/hunter_msgs
- ugv_sdk:
  - robot_interface/src/ugv_sdk
  - simulated_robot/src/ugv_sdk
